ID,Greek,Declension,Article,English,Note,Transliteration,Type,Frequency,Tag
1,ἄνθρωπος,-ου,ὁ,a man,anthropology,anthrōpos,Noun,550,500+
2,ἀπό,,,(+ gen.) from,"apostasy, standing [στῆναι] off from",apo,Preposition,646,500+
3,αὐτός,"-ή, -ό",,"himself, herself, itself, same; he, she, it","autosoterism, the doctrine that man is saved by his own efforts or character",autos,Pronoun,5597,500+
4,γάρ,,,for,,gar,Conjunction,1041,500+
5,γίνομαι,,,"I become, am",,ginomai,Verb,669,500+
6,δέ,,,"but, and",,de,Particle,2792,500+
7,διά,,,(+ gen.) through; (+ acc.) on account of,"diameter, measure across or through",dia,Preposition,667,500+
8,ἐγώ,,,I,egotism,egō,Pronoun,2666,500+
9,εἰμί,,,I am,,eimi,Verb,2462,500+
10,εἶπον,,,I said,cf. epic,eipon,Verb,986,500+
11,εἰς,,,(+ acc.) into,"eisegesis, faulty interpretation of a text by reading into it one’s own ideas",eis,Preposition,1767,500+
12,ἐκ,ἐξ,,"(+ gen.) out of, from","ecstasy, state of being [literally, standing, στῆναι] out of one’s senses; exodus, a going [literally, a way, ὁδός] out",ek,Preposition,914,500+
13,ἐν,,,(+ dat.) in,"enthusiast, one possessed or inspired by a god [ἔνθεος]",en,Preposition,2752,500+
14,ἐπί,,,"(+ gen.) over, on, at the time of; (+ dat.) on the basis of, at; (+ acc.) on, to, against","epidermis, upon the skin [δέρμα]",epi,Preposition,890,500+
15,ἔρχομαι,,,"I come, go",,erchomai,Verb,634,500+
16,ἔχω,,,"I have, hold",,echō,Verb,708,500+
17,θεός,-οῦ,ὁ,"a god, God",theology,theos,Noun,1317,500+
18,ἵνα,,,"in order that, that",,hina,Conjunction,663,500+
19,καί,,,"and, even, also",,kai,Conjunction,9161,500+
20,κατά,,,"(+ gen.) down from, against; (+ acc.) according to, throughout, during","cataclysm, a washing down or against",kata,Preposition,500,500+
21,κύριος,-ου,ὁ,"a lord, the Lord",,kyrios,Noun,717,500+
22,λέγω,,,"I say, speak",all words ending in -ologue or -ology,legō,Verb,2354,500+
23,μή,,,"not, lest",,mē,Particle,1042,500+
24,ὁ,"ἡ, τό",,the,,ho,Definite Article,19867,500+
25,ὅς,"ἥ, ὅ",,"who, which",,hos,Relative pronoun,1398,500+
26,ὅτι,,,"that, because",,hoti,Conjunction,1296,500+
27,οὗτος,"αὕτη, τοῦτο",,"this; he, her, it",,houtos,Near Demonstrative Pronoun,1387,500+
28,οὐ,"οὐκ, οὐχ",,not,"utopia, no place [τόπος]",ou,Negation Particle,1606,500+
29,πᾶς,"πᾶσα, πᾶν",,"every, all",Pan-American,pas,Adjective,1243,500+
30,ποιέω,,,"I do, make","poem; pharmacopoeia, making of drugs",poieō,Verb,568,500+
31,πρός,,,"(+ acc.) to, towards, with","proselyte, one who has come [root of ἐλθεῖν] to another religion",pros,Preposition,700,500+
32,σύ,,,thou,,sy,Pronoun,2907,500+
33,τίς,τί,,who? what? which? why?,,tis,Interrogative Pronoun,556,500+
34,τις,τι,,"someone, something, a certain one, a certain thing, anyone, anything",,tis,Indefinite Pronoun,556,500+
35,ὡς,,,"as, that, how, about",,hōs,Particle or Conjunction,504,500+
36,ἅγιος,"-α, -ον",,"holy; plural as a noun, saints","Hagiographa, books of the Hebrew Scriptures not included under Law and Prophets",hagios,Adjective,233,201 - 500
37,ἀδελφός,-οῦ,ὁ,brother,"Philadelphia, [city of] brotherly love [φιλία]",adelphos,Noun,343,201 - 500
38,ἀκούω,,,I hear,acoustics,akouō,Verb,428,201 - 500
39,ἀλλά,,,"but, except",,alla,Particle,500,201 - 500
40,ἀνήρ,ἀνδρός,ὁ,a man,"polyandry, having many husbands",anēr,Noun,216,201 - 500
41,ἀποκρίνομαι,,,I answer,,apokrinomai,Verb,231,201 - 500
42,γῆ,γῆς,ἡ,the earth,geopolitics,gē,Noun,250,201 - 500
43,γινώσκω,,,"I come to know, learn, know, realize",,ginōskō,Verb,222,201 - 500
44,γυνή,γυναικός,ἡ,"a woman, wife","misogynist, a woman-hater [μισέω]",gynē,Noun,215,201 - 500
45,δίδωμι,,,I give,antidote,didōmi,Verb,415,201 - 500
46,δύναμαι,,,"I am powerful, able",cf. dynamite,dynamai,Verb,210,201 - 500
47,ἐάν,,,if,,ean,Particle or Conjunction,351,201 - 500
48,ἑαυτοῦ,,,of himself,,heautou,Pronoun,337,201 - 500
49,εἰ,,,if,,ei,Particle,500,201 - 500
50,εἶδον,,,I saw,idea,eidon,Verb,454,201 - 500
51,εἶς,"μία, ἕν",,one,"henotheism, belief in one God without asserting that he is the only God",eis,Adjective,500,201 - 500
52,ἐκεῖνος,"-η, -ο",,that,,ekeinos,Pronoun,265,201 - 500
53,ἐξέρχομαι,,,I go out,,exerchomai,Verb,218,201 - 500
54,ἤ,,,or,,ē,Particle,343,201 - 500
55,ἡμέρα,-ας,ἡ,a day,"ephemeral, for [ἐφʼ (= ἐπί)] a day",hēmera,Noun,389,201 - 500
56,θέλω,,,"I will, wish, desire","Monothelite, one who holds that Christ has but one will, the divine; condemned by the Sixth General Council, A.D. 680",thelō,Verb,208,201 - 500
57,λαλέω,,,I speak,"cf. glossolalia, the gift of speaking in tongues [1 Cor. 14]",laleō,Verb,296,201 - 500
58,λαμβάνω,,,"I take, receive","epilepsy, a taking or seizing upon",lambanō,Verb,258,201 - 500
59,λόγος,-ου,ὁ,"a word, the Word",logic,logos,Noun,330,201 - 500
60,μαθητής,-οῦ,ὁ,a disciple,,mathētēs,Noun,261,201 - 500
61,μετά,,,(+ gen.) with; (+ acc.) after,"metaphysics, beyond or after [Aristotle’s treatise on] physics",meta,Preposition,469,201 - 500
62,οἶδα,,,I know,,oida,Verb,318,201 - 500
63,ὄνομα,-ατος,τό,a name,"onomatopoeia, making [ποιεῖν] a name or word [in imitation of natural sounds], as ‘buzz’",onoma,Noun,231,201 - 500
64,οὐδείς,"οὐδεμία, οὐδέν",,"no one, none, nothing, no",,oudeis,Adjective,234,201 - 500
65,οὖν,,,"therefore, then, accordingly",,oun,Particle,499,201 - 500
66,οὐρανός,-οῦ,ὁ,heaven,the planet Uranus; the element uranium,ouranos,Noun,273,201 - 500
67,οὕτως,,,thus,,houtōs,Adverb,208,201 - 500
68,πατήρ,πατρός,ὁ,father,akin to paternal,patēr,Noun,413,201 - 500
69,περί,,,"(+ gen.) concerning, about; (+ acc.) around","perimeter, measure around",peri,Preposition,333,201 - 500
70,πιστεύω,,,"I have faith (in), believe",,pisteuō,Verb,241,201 - 500
71,πίστις,-εως,ἡ,"faith, belief, trust",,pistis,Noun,243,201 - 500
72,πνεῦμα,-ατος,τό,"a spirit, the Spirit","pneumatology, the doctrine of the Holy Spirit",pneuma,Noun,379,201 - 500
73,πολύς,"πολλή, πολύ",,"much; plural, many",polytheism,polys,Adjective,416,201 - 500
74,υἱός,-οῦ,ὁ,a son,,huios,Noun,377,201 - 500
75,ὑπό,,,(+ gen.) by; (+ acc.) under,"hypodermic, under the skin [δέρμα]",hypo,Preposition,220,201 - 500
76,ἄγγελος,-ου,ὁ,"a messenger, an angel",angel,angelos,Noun,175,151 - 200
77,ἁμαρτία,-ας,ἡ,"a sin, sin","hamartiology, the doctrine of sin",hamartia,Noun,173,151 - 200
78,ἄν,,,"an untranslatable word, the effect of which is to make a statement contingent which would otherwise be definite",,an,Particle,166,151 - 200
79,βασιλεία,-ας,ἡ,a kingdom,,basileia,Noun,162,151 - 200
80,γράφω,,,I write,"palaeography, the study of ancient [παλαιός] writing",graphō,Verb,191,151 - 200
81,δόξα,-ης,ἡ,glory,doxology,doxa,Noun,166,151 - 200
82,ἔθνος,-ους,τό,"a nation; plural, the Gentiles",ethnology,ethnos,Noun,162,151 - 200
83,εἰσέρχομαι,,,"I go or come in or into, enter",,eiserchomai,Verb,194,151 - 200
84,ἔργον,-ου,τό,work,energy,ergon,Noun,169,151 - 200
85,ἐσθίω,,,I eat,akin to edible,esthiō,Verb,158,151 - 200
86,εὑρίσκω,,,"I find (heuristic, the method in education by which a pupil is set to find out things for himself; eureka, ‘I have found [it]!’—Archimedes",,heuriskō,Verb,176,151 - 200
87,ἰδού,,,see! behold!,,idou,Verb,200,151 - 200
88,ἵστημι,,,"I cause to stand, I stand",akin to stand,histēmi,Verb,155,151 - 200
89,καθώς,,,"as, even as",,kathōs,Adverb,182,151 - 200
90,καρδία,-ας,ἡ,the heart,cardiac,kardia,Noun,156,151 - 200
91,κόσμος,ου,ὁ,the world,"cosmic, cosmos",kosmos,Noun,186,151 - 200
92,μέγας,"μεγάλη, μέγα",,"large, great","megaphone; omega [literally, great ‘o’]",megas,Adjective,200,151 - 200
93,μέν,,,"postpositive particle, on the one hand, indeed",often it is better left untranslated and its presence shown by stress of the voice and by translating a following δέ by ‘but’,men,Particle,179,151 - 200
94,νεκρός,"-ά, -όν",,"dead; as a noun, a dead body, a corpse","necropolis, city of the dead, a cemetery",nekros,Adjective,151,151 - 200
95,νόμος,-ου,ὁ,"a law, the Law","Deuteronomy, the second [statement of the] law",nomos,Noun,194,151 - 200
96,ὅστις,"ἥτις, ὅτι",,"whoever, whichever, whatever",,hostis,Pronoun,153,151 - 200
97,ὄχλος,-ου,ὁ,"a crowd, multitude","ochlocracy, mob-rule",ochlos,Noun,175,151 - 200
98,παρά,,,"(+ gen.) from; (+ dat.) beside, in the presence of; (+ acc.) alongside of","paragraph, originally, in manuscripts, a stroke or line drawn in the margin beside the column of writing to mark the division of sections",para,Preposition,194,151 - 200
99,πόλις,-εως,ἡ,a city,"Neapolis, ‘New City,’ Acts 16:11; Constantinople, Constantine’s City",polis,Noun,162,151 - 200
100,πορεύομαι,,,"I go, proceed",,poreuomai,Verb,153,151 - 200
101,τε,,,and,"an enclitic connective particle, weaker in force than καί",te,Particle,200,151 - 200
102,τότε,,,"then, at that time",,tote,Adverb,160,151 - 200
103,ὑπέρ,,,(+ gen.) in behalf of; (+ acc.) above,hypercritical,hyper,Preposition,151,151 - 200
104,χάρις,-ιτος,ἡ,grace,"Charissa, [girl’s name]",charis,Noun,155,151 - 200
105,χείρ,χειρός,ἡ,a hand,"chirography, handwriting",cheir,Noun,177,151 - 200
106,ἀγαπάω,,,I love,,agapaō,Verb,143,121 - 150
107,αἰών,-ῶνος,ὁ,an age,aeon,aiōn,Noun,122,121 - 150
108,ἄλλος,"-η, -ο",,"other, another","allegory, description of one thing under the image of another",allos,Adjective,150,121 - 150
109,ἀμήν,,,"verily, truly, amen",amen,amēn,Particle,129,121 - 150
110,ἀποστέλλω,,,I send,with a commission) (cf. Apostle,apostellō,Verb,132,121 - 150
111,ἀρχιερεύς,-έως,ὁ,"chief priest, high priest",,archiereus,Noun,122,121 - 150
112,ἀφίημι,,,"I let go, permit, forgive","aphesis, the gradual loss of a short unaccented initial vowel, as ‘squire’ for ‘esquire’",aphiēmi,Verb,143,121 - 150
113,βάλλω,,,"I throw, put","ballistics, the science of the motion of projectiles",ballō,Verb,122,121 - 150
114,βλέπω,,,I see,,blepō,Verb,133,121 - 150
115,δοῦλος,-ου,ὁ,a slave,,doulos,Noun,124,121 - 150
116,δύο,,,two,dyad,dyo,Adjective,135,121 - 150
117,ἐγείρω,,,I raise up,,egeirō,Verb,144,121 - 150
118,ἕως,,,until; (+ gen.) as far as,,heōs,Preposition,146,121 - 150
119,ζάω,,,I live,,zaō,Verb,140,121 - 150
120,ζωή,-ῆς,ἡ,life,Zoe [girl’s name],zōē,Noun,135,121 - 150
121,καλέω,,,"I call, name, invite",,kaleō,Verb,148,121 - 150
122,λαός,-οῦ,ὁ,a people,laity,laos,Noun,142,121 - 150
123,νῦν,,,now,,nyn,Adverb,147,121 - 150
124,ὅταν,,,whenever,,hotan,Particle,123,121 - 150
125,οὐδέ,,,"and not, not even, neither, nor",,oude,Conjunction,143,121 - 150
126,πάλιν,,,again,"palimpsest, a manuscript which has been used again, the earlier writing having been erased [ψῆν, to scrape or erase]",palin,Adverb,141,121 - 150
127,παραδίδωμι,,,"I hand over, betray",,paradidōmi,Verb,121,121 - 150
128,προφήτης,-ου,ὁ,a prophet,prophet,prophētēs,Noun,144,121 - 150
129,σάρξ,σαρκός,ἡ,flesh,"sarcophagus, a [stone] coffin which ‘eats’ [φαγεῖν] the contents",sarx,Noun,147,121 - 150
130,σύν,,,(+ dat.) with,"syntax., sentence construction, involving grammatical arrangement [τάσσειν] of words with one another",syn,Preposition,128,121 - 150
131,σῶμα,-ατος,τό,a body,somatic,sōma,Noun,142,121 - 150
132,φωνή,-ῆς,,"a sound, voice",phonetic,phōnē,Noun,139,121 - 150
133,ἀγαθός,"-ή, -όν",,good,Agatha,agathos,Adjective,102,101 - 120
134,ἀγάπη,-ης,ἡ,love,,agapē,Noun,116,101 - 120
135,ἀλήθεια,-ας,ἡ,truth,,alētheia,Noun,109,101 - 120
136,ἀνίστημι,,,I cause to rise; I arise,,anistēmi,Verb,108,101 - 120
137,ἀπέρχομαι,,,I depart,,aperchomai,Verb,117,101 - 120
138,ἀποθνῄσκω,,,I die,,apothnēskō,Verb,111,101 - 120
139,βασιλεύς,-έως,ὁ,a king,Basil,basileus,Noun,115,101 - 120
140,δεῖ,,,it is necessary,,dei,Verb,101,101 - 120
141,δύναμις,-εως,ἡ,power,dynamite,dynamis,Noun,119,101 - 120
142,ἐκκλησία,-ας,ἡ,"assembly, congregation, a church, the Church",ecclesiastic,ekklēsia,Noun,114,101 - 120
143,ἐξουσία,-ας,ἡ,authority,,exousia,Noun,102,101 - 120
144,ζητέω,,,I seek,,zēteō,Verb,117,101 - 120
145,θάνατος,-ου,ὁ,death,"thanatopsis, a view of, or meditation on, death",thanatos,Noun,120,101 - 120
146,ἴδιος,"-α, -ον",,one’s own,idiosyncrasy,idios,Adjective,114,101 - 120
147,κρίνω,,,"I judge, decide",critic,krinō,Verb,114,101 - 120
148,μέλλω,,,I am about to,,mellō,Verb,109,101 - 120
149,μένω,,,I remain,akin to permanent,menō,Verb,118,101 - 120
150,ὁδός,-οῦ,ἡ,"a way, road, journey,","anode, cathode, electrical terminals",hodos,Noun,101,101 - 120
151,οἷκος,-ου,ὁ,a house,"economy, household management",hoikos,Noun,114,101 - 120
152,ὅλος,"-η, -ον",,whole,holocaust,holos,Adjective,109,101 - 120
153,ὁράω,,,I see,"cf. panorama [πᾶν, all + ὅραμα, a view]",horaō,Verb,120,101 - 120
154,ὅσος,"-η, -ον",,"as great as, as many as",,hosos,Adjective,110,101 - 120
155,ὅτε,,,when,,hote,Particle,103,101 - 120
156,παρακαλέω,,,"I beseech, exhort, console","Paraclete, the Comforter, Helper, Advocate, or Counselor",parakaleō,Verb,109,101 - 120
157,πῶς,,,how?,,pōs,Particle,103,101 - 120
158,σῴζω,,,I save,"in biochemistry, sozin, any defensive protein in the animal body",sōzō,Verb,106,101 - 120
159,ψυχή,-ῆς,ἡ,"soul, life, self",all words beginning with psycho-,psychē,Noun,103,101 - 120
160,ὥρα,-ας,ἡ,an hour,"horoscope, prediction based on the observation of the hour of one’s birth",hōra,Noun,106,101 - 120
161,αἶμα,-ατος,τό,blood,"anaemia, without blood; haemoglobin",aima,Noun,97,91 - 100
162,αἴρω,,,"I take up, take away",,airō,Verb,100,91 - 100
163,ἀλλήλων,,,of one another,"parallel, beside [παρʼ] one another",allēlōn,Pronoun,100,91 - 100
164,ἄρτος,-ου,ὁ,"bread, a loaf",,artos,Noun,97,91 - 100
165,γεννάω,,,I beget,"cf. hydrogen, so called as being considered the generator of water [ὕδωρ]",gennaō,Verb,97,91 - 100
166,διδάσκω,,,I teach,cf. didactic,didaskō,Verb,97,91 - 100
167,δικαιοσύνη,-ης,ἡ,righteousness,,dikaiosynē,Noun,92,91 - 100
168,εἰρήνη,-ης,ἡ,peace,Irene,eirēnē,Noun,92,91 - 100
169,ἐκεῖ,,,there,,ekei,Adverb,100,91 - 100
170,ἐρῶ,,,I shall say,,erō,Verb,100,91 - 100
171,ἕτερος,"-α, -ον",,"other, another, different",heterodoxy,heteros,Adjective,98,91 - 100
172,θάλασσα,-ης,ἡ,the sea,thalassic,thalassa,Noun,91,91 - 100
173,καλός,"-ή, -όν",,"beautiful, good","kaleidoscope [εἶδος, form + σκοπεῖν, to behold]",kalos,Adjective,100,91 - 100
174,οἰκία,-ας,ἡ,a house,,oikia,Noun,93,91 - 100
175,οὔτε,,,"neither, nor",,oute,Adverb,91,91 - 100
176,ὀφθαλμός,-οῦ,ὁ,an eye,ophthalmology,ophthalmos,Noun,100,91 - 100
177,περιπατέω,,,I walk; I live,peripatetics,peripateō,Verb,95,91 - 100
178,πούς,ποδός,ὁ,a foot,podium,pous,Noun,93,91 - 100
179,πρῶτος,"-η, -ον",,first,all words beginning with proto-,prōtos,Adjective,100,91 - 100
180,τέκνον,-ου,τό,a child,,teknon,Noun,99,91 - 100
181,τίθημι,,,I place,cf. antithesis,tithēmi,Verb,100,91 - 100
182,τόπος,-ου,ὁ,a place,"topography, topic",topos,Noun,94,91 - 100
183,φοβέομαι,,,I fear,cf. phobia,phobeomai,Verb,95,91 - 100
184,ἀκολουθέω,,,I follow,"cf. acolyte, the assistant who carries the wine and water and the lights at the celebration of the Mass, attending or following the priest",akoloutheō,Verb,90,81 - 90
185,ἀναβαίνω,,,I go up,Anabasis,anabainō,Verb,82,81 - 90
186,ἀπόλλυμι,,,"I destroy; middle, I perish","Apollyon, the angel of the bottomless pit, Rev. 9:11",apollymi,Verb,90,81 - 90
187,ἄρχω,,,"I rule; in the New Testament almost always middle, I begin",,archō,Verb,86,81 - 90
188,ἕκαστος,"-η, -ον",,each,,hekastos,Adjective,82,81 - 90
189,ἐκβάλλω,,,I cast out,,ekballō,Verb,81,81 - 90
190,ἐνώπιον,,,(+ gen.) before,,enōpion,Preposition,90,81 - 90
191,ἔτι,,,"still, yet, even",,eti,Adverb,90,81 - 90
192,κάθημαι,,,I sit,,kathēmai,Verb,90,81 - 90
193,καιρός,-οῦ,ὁ,"time, an appointed time, season",,kairos,Noun,85,81 - 90
194,μηδείς,"μηδεμία, μηδέν",,no one,,mēdeis,Adjective,90,81 - 90
195,μήτηρ,μητρός,ἡ,a mother,akin to maternal,mētēr,Noun,83,81 - 90
196,ὅπου,,,"where, whither",,hopou,Particle,82,81 - 90
197,πίπτω,,,I fall,,piptō,Verb,90,81 - 90
198,πληρόω,,,"I fill, fulfill",,plēroō,Verb,86,81 - 90
199,προσέρχομαι,,,I come to,,proserchomai,Verb,86,81 - 90
200,προσεύχομαι,,,I pray,,proseuchomai,Verb,85,81 - 90
201,ὥστε,,,so that,,hōste,Particle,83,81 - 90
202,αἰτέω,,,I ask,,aiteō,Verb,71,71 - 80
203,ἀνοίγω,,,I open,,anoigō,Verb,77,71 - 80
204,ἀποκτείνω,,,I kill,,apokteinō,Verb,74,71 - 80
205,ἀπόστολος,-ου,ὁ,an Apostle,Apostle,apostolos,Noun,80,71 - 80
206,βαπτίζω,,,I baptize,baptize,baptizō,Verb,77,71 - 80
207,δίκαιος,"-α, -ον",,"right, just, righteous",,dikaios,Adjective,79,71 - 80
208,δώδεκα,,,twelve,dodecagon,dōdeka,Adjective,75,71 - 80
209,ἐμός,"ἐμή, ἐμόν",,"my, mine",,emos,Adjective,76,71 - 80
210,ἑπτά,,,seven,heptagon,hepta,Adjective,80,71 - 80
211,εὐαγγέλιον,-ου,τό,good news,"of the coming of the Messiah), the Gospel (Evangel",euangelion,Noun,76,71 - 80
212,ἱερόν,-οῦ,τό,a temple,cf. hierarchy,hieron,Noun,71,71 - 80
213,καταβαίνω,,,I go down,,katabainō,Verb,80,71 - 80
214,κεφαλή,-ῆς,ἡ,head,cephalic,kephalē,Noun,75,71 - 80
215,μᾶλλον,,,"more, rather",,mallon,Adverb,80,71 - 80
216,μαρτυρέω,,,"I bear witness, testify",cf. martyr,martyreō,Verb,76,71 - 80
217,πέμπω,,,I send,,pempō,Verb,79,71 - 80
218,πίνω,,,I drink,cf. potion,pinō,Verb,73,71 - 80
219,πονηρός,"-ά, -όν",,evil,,ponēros,Adjective,78,71 - 80
220,πρόσωπον,-ου,τό,face,"prosopography, description of the face or personal appearance",prosōpon,Noun,76,71 - 80
221,πῦρ,πυρός,τό,fire,pyre,pyr,Noun,71,71 - 80
222,σημεῖον,-ου,τό,a sign,"cf. semaphore, bearing [φέρειν] a sign",sēmeion,Noun,77,71 - 80
223,στόμα,-ατος,τό,a mouth,stomach,stoma,Noun,78,71 - 80
224,τηρέω,,,I keep,,tēreō,Verb,71,71 - 80
225,ὕδωρ,ὕδατος,τό,water,hydrophobia; dropsy [formerly hydropsy],hydōr,Noun,76,71 - 80
226,ὑπάγω,,,I depart,,hypagō,Verb,79,71 - 80
227,φῶς,φωτός,τό,light,"photography, writing [γράφειν] with light",phōs,Noun,73,71 - 80
228,χαίρω,,,I rejoice,,chairō,Verb,74,71 - 80
229,ἀγαπητός,"-ή, -όν",,beloved,,agapētos,Adjective,61,61 - 70
230,ἄγω,,,I lead,,agō,Verb,67,61 - 70
231,αἰώνιος,-ον,,eternal,aeonian,aiōnios,Adjective,70,61 - 70
232,ἀπολύω,,,I release,,apolyō,Verb,66,61 - 70
233,γραμματεύς,-έως,ὁ,a scribe,cf. grammatical,grammateus,Noun,63,61 - 70
234,δαιμόνιον,-ου,τό,a demon,demon,daimonion,Noun,63,61 - 70
235,δοκέω,,,I think; seem,"Docetism, the early heresy that Christ’s body was phantasmal or of celestial substance which merely seemed human",dokeō,Verb,62,61 - 70
236,ἐντολή,-ῆς,ἡ,a commandment,,entolē,Noun,67,61 - 70
237,ἔξω,,,without; (+ gen.) outside,,exō,Preposition,63,61 - 70
238,θέλημα,-ατος,τό,will,"Monothelite, one who holds that Christ had but one will, the divine; condemned by the Sixth General Council, A.D. 680",thelēma,Noun,62,61 - 70
239,ἱμάτιον,-ου,τό,a garment,,himation,Noun,61,61 - 70
240,καρπός,-οῦ,ὁ,fruit,,karpos,Noun,66,61 - 70
241,κηρύσσω,,,"I proclaim (as a herald, κῆρυξ), preach",,kēryssō,Verb,61,61 - 70
242,νύξ,νυκτός,ἡ,night,,nyx,Noun,61,61 - 70
243,ὄρος,ὄρους,τό,a mountain,"orology, the scientific study of mountains",oros,Noun,63,61 - 70
244,πιστός,"-ή, όν",,"faithful, believing",,pistos,Adjective,67,61 - 70
245,πλοῖον,-ου,τό,a boat,,ploion,Noun,68,61 - 70
246,πρεσβύτερος,"-α, -ον",,elder,presbyter,presbyteros,Adjective,66,61 - 70
247,ῥῆμα,-ατος,τό,a word,cf. rhetoric,rhēma,Noun,68,61 - 70
248,σάββατον,-ου,τό,the Sabbath,Sabbath,sabbaton,Noun,68,61 - 70
249,συνάγω,,,I gather together,synagogue,synagō,Verb,61,61 - 70
250,τρεῖς,τρία,,three,triad,treis,Adjective,68,61 - 70
251,φέρω,,,"I carry, bear, lead","Christopher, bearing Christ",pherō,Verb,66,61 - 70
252,ὧδε,,,"hither, here",,hōde,Adverb,61,61 - 70
253,ἀρχή,-ῆς,ἡ,a beginning,archaic,archē,Noun,56,56 - 60
254,ἀσπάζομαι,,,"I greet, salute",,aspazomai,Verb,59,56 - 60
255,δέχομαι,,,I receive,,dechomai,Verb,56,56 - 60
256,διδάσκαλος,-ου,ὁ,a teacher,cf. didactic,didaskalos,Noun,59,56 - 60
257,δοξάζω,,,I glorify,cf. doxology,doxazō,Verb,60,56 - 60
258,ἐπερωτάω,,,"I ask, question, demand of",,eperōtaō,Verb,56,56 - 60
259,ἐρωτάω,,,"I ask, request, entreat",,erōtaō,Verb,60,56 - 60
260,ἤδη,,,"now, already",,ēdē,Adverb,60,56 - 60
261,θρόνος,-ου,ὁ,a throne,throne,thronos,Noun,60,56 - 60
262,κράζω,,,I cry out,,krazō,Verb,56,56 - 60
263,λοιπός,"-ή, -όν",,"remaining; as a noun, the rest; as an adverb, for the rest, henceforth",,loipos,Adjective,56,56 - 60
264,μέσος,"-η, -ον",,"middle, in the midst","Mesopotamia, in the midst of the rivers [Tigris and Euphrates]",mesos,Adjective,58,56 - 60
265,οὐχί,,,not,strengthened form of οὐ,ouchi,Adverb,56,56 - 60
266,πλείων,-ονος,,"larger, more",pleonasm,pleiōn,Adjective,56,56 - 60
267,προσκυνέω,,,I worship,,proskyneō,Verb,60,56 - 60
268,συναγωγή,-ῆς,ἡ,a synagogue,synagogue,synagōgē,Noun,56,56 - 60
269,τοιοῦτος,"-αύτη, -οῦτον ",,"and -οῦτο, such",,toioutos,Adjective,57,56 - 60
270,ὑπάρχω,,,"I am, exist; τὰ ὑπάρχοντα, one’s belongings",,hyparchō,Verb,60,56 - 60
271,φημί,,,I say,,phēmi,Verb,60,56 - 60
272,χαρά,-ᾶς,ἡ,"joy, delight",,chara,Noun,59,56 - 60
273,ἄχρι,ἄχρις,,"(+ gen.) as far as, up to; as a conjunction, until",,achri,Preposition,50,50 - 55
274,γλῶσσα,-ης,ἡ,"a tongue, language","glossolalia, the gift of speaking [cf. λαλεῖν] in tongues, 1 Cor. 14",glōssa,Noun,50,50 - 55
275,γραφή,-ῆς,ἡ,"a writing, Scripture","Hagiographa, books of the Hebrew Scriptures not included under Law and Prophets",graphē,Noun,50,50 - 55
276,δεξιός,"-ά, -όν",,right,opp. left) (akin to dexterous,dexios,Adjective,54,50 - 55
277,διό,,,wherefore,,dio,Conjunction,53,50 - 55
278,ἐλπίς,-ίδος,ἡ,hope,,elpis,Noun,53,50 - 55
279,ἐπαγγελία,-ας,ἡ,a promise,,epangelia,Noun,52,50 - 55
280,ἔσχατος,"-η, -ον",,last,eschatology,eschatos,Adjective,52,50 - 55
281,εὐαγγελίζω,,,"I bring good news, preach good tidings",the Gospel) (evangelize,euangelizō,Verb,54,50 - 55
282,εὐθύς,,,"straightway, immediately",,euthys,Adjective,51,50 - 55
283,θεωρέω,,,"I look at, behold",theorem; theory,theōreō,Verb,55,50 - 55
284,λίθος,-ου,ὁ,a stone,monolith; lithograph,lithos,Noun,55,50 - 55
285,μακάριος,"-α, -ον",,"blessed, happy","macarism, a beatitude",makarios,Adjective,50,50 - 55
286,μηδέ,,,"but not, nor, not even",,mēde,Particle,55,50 - 55
287,μόνος,"-η, -ον",,"alone, only",monologue,monos,Adverb,55,50 - 55
288,ὅπως,,,"in order that, that",,hopōs,Adverb or Conjunction,53,50 - 55
289,παιδίον,-ου,τό,"an infant, child",,paidion,Noun,52,50 - 55
290,παραβολή,-ῆς,ἡ,a parable,parable,parabolē,Noun,50,50 - 55
291,πείθω,,,I persuade,,peithō,Verb,52,50 - 55
292,σοφία,-ας,ἡ,wisdom,philosophy,sophia,Noun,51,50 - 55
293,χρόνος,-ου,ὁ,time,chronology,chronos,Noun,54,50 - 55
294,ἁμαρτωλός,-όν,,"sinful; as a noun, a sinner",,hamartōlos,Adjective,47,46 - 49
295,ἀπαγγέλλω,,,"I announce, report",,apangellō,Verb,46,46 - 49
296,ἀποδίδωμι,,,"I give back, pay; middle, I sell",,apodidōmi,Verb,48,46 - 49
297,ἄρα,,,"then, therefore",,ara,Particle,49,46 - 49
298,ἔμπροσθεν,,,"(+ gen.) in front of, before",,emprosthen,Preposition,48,46 - 49
299,ἔρημος,-ον,,"solitary, deserted; as a noun, ἡ ἔρημος, the desert, wilderness",hermit,erēmos,Noun,48,46 - 49
300,ἔτος,-ους,τό,a year,the Etesian winds in the Mediterranean region blow annually,etos,Noun,49,46 - 49
301,καθίζω,,,"I seat, sit","cf. cathedral, properly, the church which contains the bishop’s chair or seat",kathizō,Verb,46,46 - 49
302,κακός,"-ή, -όν",,"bad, evil","cacophony, discord",kakos,Adjective,49,46 - 49
303,κρατέω,,,I grasp,"cf. plutocratic, grasping wealth [πλοῦτος]",krateō,Verb,47,46 - 49
304,κρίσις,-εως,ἡ,judgment,crisis,krisis,Noun,47,46 - 49
305,μικρός,"-ά, -όν",,"small, little","microscope; omicron, little ‘o’",mikros,Adjective,46,46 - 49
306,οὐκέτι,,,no longer,,ouketi,Adverb,47,46 - 49
307,παραλαμβάνω,,,I receive,,paralambanō,Verb,49,46 - 49
308,ποῦ,,,where? whither?,,pou,Adverb,48,46 - 49
309,πρό,,,(+ gen.) before,prologue,pro,Preposition,47,46 - 49
310,προσφέρω,,,"I bring to, offer",,prospherō,Verb,47,46 - 49
311,σπείρω,,,I sow,,speirō,Verb,49,46 - 49
312,σωτηρία,-ας,ἡ,salvation,soteriology,sōtēria,Noun,46,46 - 49
313,τρίτος,"-η, -ον",,third,,tritos,Adjective,49,46 - 49
314,τυφλός,"-ή, -όν",,blind,"typhlosis, medical term for blindness",typhlos,Adjective,49,46 - 49
315,φανερόω,,,I make manifest,,phaneroō,Verb,49,46 - 49
316,φόβος,-ου,ὁ,"fear, terror",phobia,phobos,Noun,47,46 - 49
317,φυλακή,-ῆς,ἡ,"a guard, a prison, a watch",,phylakē,Noun,47,46 - 49
318,χρεία,-ας,ἡ,a need,,chreia,Noun,49,46 - 49
319,ἁμαρτάνω,,,I sin,"cf. hamartiology, the doctrine of sin",hamartanō,Verb,43,42 - 45
320,ἀνάστασις,-εως,ἡ,resurrection,Anastasia [girl’s name],anastasis,Noun,42,42 - 45
321,ἅπας,"-ασα, -αν",,all,,hapas,Adjective,42,42 - 45
322,γενεά,-ᾶς,ἡ,a generation,genealogy,genea,Noun,43,42 - 45
323,δεύτερος,"-α, -ον",,second,"Deuteronomy, the second [statement of the] law",deuteros,Adjective,43,42 - 45
324,δέω,,,I bind,"diadem, literally, something bound around or across",deō,Verb,43,42 - 45
325,διώκω,,,"I pursue, persecute",,diōkō,Verb,45,42 - 45
326,ἐγγίζω,,,I come near,,engizō,Verb,42,42 - 45
327,ἐπιγινώσκω,,,"I come to know, recognize",,epiginōskō,Verb,44,42 - 45
328,εὐλογέω,,,I bless,eulogize,eulogeō,Verb,42,42 - 45
329,θαυμάζω,,,"I marvel, wonder at","cf. thaumaturge, a worker of miracles or wonders",thaumazō,Verb,43,42 - 45
330,θεραπεύω,,,I heal,therapeutic,therapeuō,Verb,43,42 - 45
331,θηρίον,-ου,τό,a wild beast,"theriomorphic, having animal form; as, theriomorphic gods",thērion,Noun,45,42 - 45
332,θλῖψις,-εως,ἡ,tribulation,,thlipsis,Noun,45,42 - 45
333,κατοικέω,,,"I inhabit, dwell",,katoikeō,Verb,44,42 - 45
334,λύω,,,I loose,"cf. analysis, a resolving or unloosing into simple elements",lyō,Verb,42,42 - 45
335,μέρος,-ους,τό,a part,"in biology, pentamerous, of five parts",meros,Noun,42,42 - 45
336,ναός,-οῦ,ὁ,a temple,,naos,Noun,45,42 - 45
337,ὅμοιος,"-α, -ον",,like,"Homoiousian, one holding that Father and Son in the Godhead are of like [but not the same] substance; a semi-Arian",homoios,Adjective,45,42 - 45
338,σεαυτοῦ,,,of thyself,,seautou,Pronoun,43,42 - 45
339,σήμερον,,,today,,sēmeron,Adverb,42,42 - 45
340,σπέρμα,-ατος,τό,a seed,sperm,sperma,Noun,43,42 - 45
341,σταυρόω,,,I crucify,,stauroō,Verb,45,42 - 45
342,τιμή,-ῆς,ἡ,"honor, price","cf. Timothy, honoring God",timē,Noun,42,42 - 45
343,φωνέω,,,I call,phonetic,phōneō,Verb,43,42 - 45
344,ἄξιος,"-α, -ον",,worthy,"axiom; in philosophy and psychology, axiological, pertaining to the science of values",axios,Adjective,41,38 - 41
345,ἅπτομαι,,,I touch,,haptomai,Verb,39,38 - 41
346,διέρχομαι,,,I pass through,,dierchomai,Verb,41,38 - 41
347,δικαιόω,,,"I justify, pronounce righteous",,dikaioō,Verb,39,38 - 41
348,ἐπιθυμία,-ας,ἡ,"eager desire, passion",,epithymia,Noun,38,38 - 41
349,ἐπιτίθημι,,,I lay upon,,epitithēmi,Verb,39,38 - 41
350,ἐργάζομαι,,,I work,cf. energy,ergazomai,Verb,41,38 - 41
351,ἑτοιμάζω,,,I prepare,,hetoimazō,Verb,40,38 - 41
352,εὐχαριστέω,,,I give thanks,Eucharist,eucharisteō,Verb,38,38 - 41
353,θύρα,-ας,ἡ,a door,,thyra,Noun,39,38 - 41
354,ἱκανός,"-ή, -όν",,"sufficient, able, considerable",,hikanos,Adjective,39,38 - 41
355,καινός,"-ή, -όν",,new,,kainos,Adjective,41,38 - 41
356,κλαίω,,,I weep,,klaiō,Verb,40,38 - 41
357,λογίζομαι,,,"I account, reckon",cf. logic,logizomai,Verb,40,38 - 41
358,μισέω,,,I hate,"misogynist, a woman-hater",miseō,Verb,40,38 - 41
359,μνημεῖον,-ου,τό,"a tomb, monument",,mnēmeion,Noun,40,38 - 41
360,οἰκοδομέω,,,"I build, edify",,oikodomeō,Verb,40,38 - 41
361,ὀλίγος,"-η, -ον",,"little, few","oligarchy, rule by the few",oligos,Adjective,40,38 - 41
362,οὐαί,,,woe! alas!,,ouai,Interjection,41,38 - 41
363,πάντοτε,,,always,,pantote,Adverb,41,38 - 41
364,παραγίνομαι,,,"I come, arrive",,paraginomai,Verb,38,38 - 41
365,παρίστημι,,,"I am present, stand by",,paristēmi,Verb,41,38 - 41
366,πάσχω,,,I suffer,,paschō,Verb,41,38 - 41
367,περισσεύω,,,"I abound, am rich",,perisseuō,Verb,39,38 - 41
368,πλανάω,,,I lead astray,"planet, to the ancients, an apparently ‘wandering’ celestial body",planaō,Verb,39,38 - 41
369,πράσσω,,,"I do, perform","praxis, practice, as opposed to theory",prassō,Verb,39,38 - 41
370,πρόβατον,-ου,τό,a sheep,,probaton,Noun,39,38 - 41
371,τέλος,-ους,τό,end,"teleology, in philosophy, the view that developments are due to the purpose or design [end] that is served by them",telos,Noun,40,38 - 41
372,χωρίς,,,"(+ gen.) without, apart from",,chōris,Preposition,41,38 - 41
373,ἀγρός,-οῦ,ὁ,a field,akin to agrarian,agros,Noun,36,34 - 37
374,ἄρτι,,,"now, just now",,arti,Adverb,36,34 - 37
375,ἄρχων,-οντος,ὁ,a ruler,"monarch, sole [μόνος] ruler",archōn,Noun,37,34 - 37
376,ἀσθενέω,,,I am weak,,astheneō,Verb,34,34 - 37
377,βλασφημέω,,,"I revile, blaspheme",blaspheme,blasphēmeō,Verb,34,34 - 37
378,βούλομαι,,,"I wish, determine",akin to volition,boulomai,Verb,37,34 - 37
379,διάβολος,-ον,,"slanderous, accusing falsely; as a noun, the Accuser, the Devil",diabolical,diabolos,Noun,37,34 - 37
380,διακονέω,,,I wait upon,"especially at table), serve (generally), minister (cf. deacon",diakoneō,Verb,37,34 - 37
381,ἐκπορεύομαι,,,I go out,,ekporeuomai,Verb,34,34 - 37
382,ἐμαυτοῦ,,,of myself,,emautou,Pronoun,37,34 - 37
383,ἐπιστρέφω,,,"I turn to, return",,epistrephō,Verb,36,34 - 37
384,εὐθέως,,,immediately,,eutheōs,Adverb,36,34 - 37
385,καλῶς,,,well,,kalōs,Adverb,37,34 - 37
386,μαρτυρία,-ας,ἡ,"a testimony, evidence",cf. martyrdom,martyria,Noun,37,34 - 37
387,μάρτυς,-υρος,ὁ,a witness,martyr,martys,Noun,35,34 - 37
388,μετανοέω,,,I repent,,metanoeō,Verb,34,34 - 37
389,ὀπίσω,,,"behind, after; (+ gen.) behind, after","cf. opisthograph, a manuscript written upon both the back and the front, Rev. 5:1",opisō,Preposition,35,34 - 37
390,ὀργή,-ῆς,ἡ,anger,,orgē,Noun,36,34 - 37
391,οὖς,ὠτός,τό,an ear,otology,ous,Noun,36,34 - 37
392,ὀφείλω,,,"I owe, ought",,opheilō,Verb,35,34 - 37
393,πειράζω,,,"I test, tempt, attempt",,peirazō,Verb,37,34 - 37
394,πέντε,,,five,Pentateuch,pente,Adjective,37,34 - 37
395,περιτομή,-ῆς,ἡ,circumcision,,peritomē,Noun,36,34 - 37
396,προσευχή,-ῆς,ἡ,prayer,,proseuchē,Noun,36,34 - 37
397,πτωχός,"-ή, -όν",,"poor; as a noun, a poor man",,ptōchos,Adjective,34,34 - 37
398,τέσσαρες,-ων,,four,"the Diatessaron of Tatian, a harmony of the four Gospels made about A.D. 170; literally, through [the] four",tessares,Adjective,37,34 - 37
399,ὑποστρέφω,,,I return,,hypostrephō,Verb,35,34 - 37
400,ὑποτάσσω,,,"I subject, put in subjection","in grammar, hypotaxis, subordination of clauses",hypotassō,Verb,37,34 - 37
401,ὥσπερ,,,"just as, even as",,hōsper,Particle,36,34 - 37
402,ἀναγινώσκω,,,I read,,anaginōskō,Verb,32,32 - 33
403,ἀρνέομαι,,,I deny,,arneomai,Verb,33,32 - 33
404,βιβλίον,-ου,τό,a book,Bible,biblion,Noun,33,32 - 33
405,δεικνύω,or δείκνυμι,,I show,"in logic, apodeictic, of clear demonstration",deiknyō,Verb,33,32 - 33
406,διαθήκη,-ης,ἡ,a covenant,,diathēkē,Noun,33,32 - 33
407,διακονία,-ας,ἡ,"wailing at table,","in a wider sense) service, ministry (diaconate",diakonia,Noun,33,32 - 33
408,δυνατός,"-ή, -όν",,"powerful, possible",cf. dynamite,dynatos,Adjective,32,32 - 33
409,ἐγγύς,,,near,,engys,Adverb or Preposition,32,32 - 33
410,ἔξεστι,,,it is lawful,,exesti,Verb,32,32 - 33
411,ἐχθρός,"-ά, -όν",,"hating; as a noun, an enemy",,echthros,Adjective,32,32 - 33
412,ἥλιος,-ου,ὁ,the sun,helium,hēlios,Noun,32,32 - 33
413,ἱερεύς,-έως,ὁ,a priest,hierarchy,hiereus,Noun,32,32 - 33
414,καυχάομαι,,,I boast,,kauchaomai,Verb,33,32 - 33
415,μέλος,-ους,τό,a member,,melos,Noun,33,32 - 33
416,μήτε,,,"neither, nor",,mēte,Conjunction,33,32 - 33
417,οἶνος,-ου,ὁ,wine,,oinos,Noun,33,32 - 33
418,πλῆθος,-ους,τό,a multitude,cf. plethora,plēthos,Noun,32,32 - 33
419,ποῖος,"-α, -ον",,what sort of? what?,,poios,Adjective,33,32 - 33
420,ποτήριον,-ου,τό,a cup,,potērion,Noun,32,32 - 33
421,συνέρχομαι,,,I come together,,synerchomai,Verb,32,32 - 33
422,ὑπομονή,-ῆς,ἡ,steadfast endurance,,hypomonē,Noun,32,32 - 33
423,φυλάσσω,,,I guard,cf. prophylactic,phylassō,Verb,32,32 - 33
424,ἀγοράζω,,,I buy,"cf. agora, the market place",agorazō,Verb,30,30 - 31
425,ἀκάθαρτος,-ον,,unclean,,akathartos,Adjective,31,30 - 31
426,ἄνεμος,-ου,ὁ,a wind,anemone; anemometer,anemos,Noun,31,30 - 31
427,ἀρνίον,-ου,τό,a lamb,,arnion,Noun,30,30 - 31
428,γε,,,"indeed, at least, really, even",,ge,Particle,30,30 - 31
429,διδαχή,-ῆς,ἡ,teaching,cf. didactic,didachē,Noun,30,30 - 31
430,ἐλεέω,,,I have mercy,cf. eleemosynary; alms,eleeō,Verb,30,30 - 31
431,ἐλπίζω,,,I hope,,elpizō,Verb,31,30 - 31
432,ἐπικαλέω,,,"I call, name; middle, I invoke, appeal to",,epikaleō,Verb,30,30 - 31
433,ἐπιτιμάω,,,"I rebuke, warn",,epitimaō,Verb,30,30 - 31
434,καθαρίζω,,,I cleanse,catharize,katharizō,Verb,31,30 - 31
435,ναί,,,"yea, truly, yes",,nai,Particle,31,30 - 31
436,ὁμοίως,,,likewise,,homoiōs,Adverb,30,30 - 31
437,παραγγέλλω,,,"I command, charge",,parangellō,Verb,31,30 - 31
438,παρέρχομαι,,,"I pass by, pass away; I arrive",,parerchomai,Verb,30,30 - 31
439,παρρησία,-ας,ἡ,"boldness (of speech), confidence",,parrēsia,Noun,31,30 - 31
440,πλήν,,,"however, but, only; (+ gen.) except",,plēn,Adverb or Conjunction,31,30 - 31
441,σκανδαλίζω,,,I cause to stumble,scandalize,skandalizō,Verb,30,30 - 31
442,σκότος,-ους,τό,darkness,"scotoscope, a field-glass for seeing by night",skotos,Noun,31,30 - 31
443,συνείδησις,-εως,ἡ,conscience,,syneidēsis,Noun,30,30 - 31
444,φαίνω,,,"I shine, appear",phantom; phenomenon,phainō,Verb,31,30 - 31
445,φεύγω,,,I flee,cf. fugitive,pheugō,Verb,30,30 - 31
446,φυλή,-ῆς,ἡ,a tribe,"in zoology, phylum, one of the large fundamental divisions of the animal kingdom",phylē,Noun,31,30 - 31
447,ἀληθινός,"-ή, -όν",,true,,alēthinos,Adjective,28,28 - 29
448,γαμέω,,,I marry,"in biology, gamete, a matured germ cell",gameō,Verb,28,28 - 29
449,γνῶσις,-εως,ἡ,wisdom,gnosis; Gnostic,gnōsis,Noun,29,28 - 29
450,διάκονος,"-ου, ὁ ",,"and ἡ, a servant, administrator, deacon",deacon,diakonos,Noun,29,28 - 29
451,ἐνδύω,,,"I put on, clothe",,endyō,Verb,28,28 - 29
452,ἐπεί,,,"when, since",,epei,Conjunction,28,28 - 29
453,ἡγέομαι,,,"I am chief; I think, regard",,hēgeomai,Verb,28,28 - 29
454,θυσία,-ας,ἡ,a sacrifice,,thysia,Noun,28,28 - 29
455,ἴδε,,,see! behold!,,ide,Verb,29,28 - 29
456,ἰσχυρός,"-ά, -όν",,strong,,ischyros,Adjective,29,28 - 29
457,ἰσχύω,,,"I am strong, able",,ischyō,Verb,28,28 - 29
458,κρίμα,-ατος,τό,judgment,cf. crisis,krima,Noun,28,28 - 29
459,μάχαιρα,-ης,ἡ,a sword,,machaira,Noun,29,28 - 29
460,μισθός,-οῦ,ὁ,"wages, reward",,misthos,Noun,29,28 - 29
461,μυστήριον,-ου,τό,a mystery,mystery,mystērion,Noun,28,28 - 29
462,οὔπω,,,not yet,,oupō,Adverb,28,28 - 29
463,παράκλησις,-εως,ἡ,"an exhortation, consolation","cf. Paraclete, the Comforter, Helper, Advocate, or Counselor",paraklēsis,Noun,29,28 - 29
464,πάσχα,,,"indeclinable, τό, a passover",paschal,pascha,Noun,29,28 - 29
465,πλούσιος,"-α, -ον",,rich,cf. plutocratic,plousios,Adjective,28,28 - 29
466,πόθεν,,,whence?,,pothen,Adverb,29,28 - 29
467,ποτέ,,,"at some time, once, ever",,pote,Particle,29,28 - 29
468,προσκαλέομαι,,,I summon,,proskaleomai,Verb,29,28 - 29
469,προφητεύω,,,I prophesy,cf. prophet,prophēteuō,Verb,28,28 - 29
470,τελέω,,,"I finish, fulfill","cf. teleology, in philosophy, the view that developments are due to the purpose or design [τέλος] that is served by them",teleō,Verb,28,28 - 29
471,φίλος,"-η, -ον",,"loving; as a noun, a friend",bibliophile,philos,Adjective,29,28 - 29
472,ἁγιάζω,,,I sanctify,"cf. hagiolatry, the worship of saints",hagiazō,Verb,27,26 - 27
473,ἀδελφή,-ῆς,ἡ,a sister,,adelphē,Noun,26,26 - 27
474,ἀδικία,-ας,ἡ,unrighteousness,,adikia,Noun,26,26 - 27
475,ἀληθής,-ές,,true,,alēthēs,Adjective,26,26 - 27
476,ἀποκαλύπτω,,,I reveal,apocalypse,apokalyptō,Verb,26,26 - 27
477,βαστάζω,,,"I bear, carry",,bastazō,Verb,27,26 - 27
478,ἐκεῖθεν,,,"thence, from that place",,ekeithen,Adverb,27,26 - 27
479,ἔλεος,-ους,τό,"pity, mercy",cf. eleemosynary; alms,eleos,Noun,27,26 - 27
480,ἑορτή,-ῆς,ἡ,a feast,,heortē,Noun,26,26 - 27
481,ἥκω,,,I have come,,hēkō,Verb,26,26 - 27
482,θυγάτηρ,-τρός,ἡ,a daughter,,thygatēr,Noun,27,26 - 27
483,ἰάομαι,,,I heal,"cf. pediatrics, medical care of children [παῖς, παιδός]",iaomai,Verb,26,26 - 27
484,καταργέω,,,"I bring to naught, abolish",,katargeō,Verb,27,26 - 27
485,κελεύω,,,I order,,keleuō,Verb,26,26 - 27
486,κώμη,-ης,ἡ,a village,,kōmē,Noun,27,26 - 27
487,λυπέω,,,I grieve,,lypeō,Verb,26,26 - 27
488,νικάω,,,I conquer,"cf. Nicholas, victor over the people [λαός]",nikaō,Verb,27,26 - 27
489,ὀμνύω,or ὄμνυμι,,"I swear, take an oath",,omnyō,Verb,26,26 - 27
490,πόσος,"-η, -ον",,how great? how much?,,posos,Adjective,27,26 - 27
491,σός,"σή, σόν",,"thy, thine",,sos,Adjective,27,26 - 27
492,σταυρός,-οῦ,ὁ,a cross,,stauros,Noun,27,26 - 27
493,στρατιώτης,-ου,ὁ,a soldier,,stratiōtēs,Noun,26,26 - 27
494,συνίημι,,,I understand,,syniēmi,Verb,26,26 - 27
495,φρονέω,,,I think,,phroneō,Verb,26,26 - 27
496,χήρα,-ας,ἡ,a widow,,chēra,Noun,26,26 - 27
497,χώρα,-ας,ἡ,a country,"chorography, describing, or description, of districts",chōra,Noun,27,26 - 27
498,ἀδικέω,,,"I wrong, do wrong",,adikeō,Verb,25,25
499,ἀναβλέπω,,,"I look up, receive sight",,anablepō,Verb,25,25
500,γνωρίζω,,,I make known,,gnōrizō,Verb,25,25
501,δέκα,,,ten,"Decapolis, a league originally consisting of ten Greek cities, mostly SE. of the sea of Galilee",deka,Adjective,25,25
502,δένδρον,-ου,τό,a tree,"rhododendron, lit. rose-tree",dendron,Noun,25,25
503,δουλεύω,,,I serve,,douleuō,Verb,25,25
504,ἕνεκα,or ἕνεκεν,,(+ gen.) on account of,,heneka,Preposition,25,25
505,καθαρός,"-ά, -όν",,clean,catharsis,katharos,Adjective,25,25
506,μανθάνω,,,I learn,cf. mathematics,manthanō,Verb,25,25
507,μήποτε,,,lest perchance,,mēpote,Particle,25,25
508,νεφέλη,-ης,ἡ,a cloud,nephelometer,nephelē,Noun,25,25
509,ὁμολογέω,,,"I confess, profess",,homologeō,Verb,25,25
510,οὗ,,,where,,hou,Adverb,25,25
511,πνευματικός,"-ή, -όν",,spiritual,pneumatic,pneumatikos,Adjective,25,25
512,πορνεία,-ας,ἡ,fornication,cf. pornography,porneia,Noun,25,25
513,προσέχω,,,"I attend to, give heed to",,prosechō,Verb,25,25
514,φιλέω,,,I love,cf. bibliophile,phileō,Verb,25,25
515,ἀκοή,-ῆς,ἡ,hearing; a report,,akoē,Noun,24,24
516,ἀναιρέω,,,I take up; kill,,anaireō,Verb,24,24
517,ἀσθένεια,-ας,ἡ,weakness,"neurasthenia, nervous prostration",astheneia,Noun,24,24
518,ἀσθενής,-ές,,weak,cf. neurasthenia,asthenēs,Adjective,24,24
519,διότι,,,because,,dioti,Conjunction,24,24
520,ἐκλεκτός,"-ή, -όν",,"chosen, elect",cf. eclecticism,eklektos,Adjective,24,24
521,ἐπιστολή,-ῆς,ἡ,a letter,epistle,epistolē,Noun,24,24
522,καταλείπω,,,I leave,,kataleipō,Verb,24,24
523,κατηγορέω,,,I accuse,cf. categorical,katēgoreō,Verb,24,24
524,κεῖμαι,,,"I lie, am laid",,keimai,Verb,24,24
525,νοῦς,νοός,ὁ,the mind,noetic,nous,Noun,24,24
526,παῖς,παιδός,"ὁ, ἡ","a boy, girl, child, servant","pedagogue, literally, child-leader",pais,Noun,24,24
527,πάρειμι,,,I am present; I have arrived,,pareimi,Verb,24,24
528,παρουσία,-ας,ἡ,"presence, coming",especially Christ’s [second] coming in glory) (Parousia,parousia,Noun,24,24
529,περιβάλλω,,,"I put around, clothe",,periballō,Verb,24,24
530,πίμπλημι,,,I fill,,pimplēmi,Verb,24,24
531,σωτήρ,-ῆρος,ὁ,Saviour,cf. soteriology,sōtēr,Noun,24,24
532,ἀμπελών,-ῶνος,ὁ,a vineyard,,ampelōn,Noun,23,23
533,ἀνάγω,,,"I lead up; middle, I put to sea, set sail",,anagō,Verb,23,23
534,ἄπιστος,-ον,,"unbelieving, faithless",,apistos,Adjective,23,23
535,ἀστήρ,-έρος,ὁ,a star,aster,astēr,Noun,23,23
536,αὐξάνω,,,I cause to grow; increase,cf. auxiliary,auxanō,Verb,23,23
537,γρηγορέω,,,I watch,Gregory,grēgoreō,Verb,23,23
538,εἰκών,-όνος,ἡ,an Image,icon,eikōn,Noun,23,23
539,ἐλεύθερος,"-α, -ον",,free,,eleutheros,Adjective,23,23
540,ζῷον,-ου,τό,"a living creature, an animal",zoology,zōon,Noun,23,23
541,θυσιαστήριον,-ου,τό,an altar,,thysiastērion,Noun,23,23
542,κοπιάω,,,I toil,,kopiaō,Verb,23,23
543,κωλύω,,,"I forbid, hinder",,kōlyō,Verb,23,23
544,λευκός,"-ή, -όν",,white,"leukemia, literally, white blood [αἷμα]",leukos,Adjective,23,23
545,μιμνῄσκομαι,,,I remember,cf. mnemonics,mimnēskomai,Verb,23,23
546,νέος,"-α, -ον",,"new, young",all words beginning with neo-,neos,Adjective,23,23
547,πεινάω,,,I hunger,,peinaō,Verb,23,23
548,πέραν,,,(+ gen.) beyond,,peran,Preposition,23,23
549,περισσός,"-ή, -όν",,"excessive, abundant",,perissos,Adjective,23,23
550,σκεῦος,-ους,τό,"a vessel; plural, goods",,skeuos,Noun,23,23
551,τελειόω,,,"I fulfill, make perfect",,teleioō,Verb,23,23
552,χαρίζομαι,,,"I give freely, forgive",,charizomai,Verb,23,23
553,δέομαι,,,I beseech,,deomai,Verb,22,22
554,δοκιμάζω,,,"I prove, approve",,dokimazō,Verb,22,22
555,θεάομαι,,,I behold,theater,theaomai,Verb,22,22
556,καθεύδω,,,I sleep,,katheudō,Verb,22,22
557,καθίστημι,,,"I set, constitute",,kathistēmi,Verb,22,22
558,κατεργάζομαι,,,I work out,,katergazomai,Verb,22,22
559,κοιλία,-ας,ἡ,the belly,"stomach or intestines, or both); womb (coeliac, pertaining to the abdomen",koilia,Noun,22,22
560,μετάνοια,-ας,ἡ,repentance,,metanoia,Noun,22,22
561,μηκέτι,,,no longer,,mēketi,Adverb,22,22
562,νυνί,,,now,,nyni,Adverb,22,22
563,πληγή,-ῆς,ἡ,"a blow, wound, plague",plague,plēgē,Noun,22,22
564,πλοῦτος,-ου,ὁ,wealth,plutocrat,ploutos,Noun,22,22
565,πωλέω,,,I sell,cf. monopoly,pōleō,Verb,22,22
566,στρέφω,,,I turn,strophe,strephō,Verb,22,22
567,συνέδριον,-ου,τό,"a council, the Sanhedrin",Sanhedrin,synedrion,Noun,22,22
568,χιλίαρχος,-ου,ὁ,"a military tribune, captain",chiliarch,chiliarchos,Noun,22,22
569,ὡσεί,,,"as, like, about",,hōsei,Preposition,22,22
570,ἀγνοέω,,,I do not know,agnostic,agnoeō,Verb,21,21
571,ἀντί,,,"(+ gen.) instead of, for",all words beginning with anti-,anti,Preposition,21,21
572,ἀργύριον,-ου,τό,silver,"in pharmacy, Argyrol, the trade-name of a silver-protein compound",argyrion,Noun,21,21
573,βασιλεύω,,,I reign,,basileuō,Verb,21,21
574,γένος,-ους,τό,"race, kind",akin to genus,genos,Noun,21,21
575,διδασκαλία,-ας,ἡ,teaching,,didaskalia,Noun,21,21
576,ἑκατοντάρχης,-ου,ὁ,"ὁ, a centurion",or -αρχος,hekatontarchēs,Noun,21,21
577,ἐκλέγομαι,,,"I pick out, choose",eclectic,eklegomai,Verb,21,21
578,εὐδοκέω,,,"I think it good, am well pleased with",,eudokeō,Verb,21,21
579,ἐφίστημι,,,"I stand over, come upon",,ephistēmi,Verb,21,21
580,θερίζω,,,I reap,,therizō,Verb,21,21
581,λατρεύω,,,"I serve, worship",cf. Mariolatry,latreuō,Verb,21,21
582,μνημονεύω,,,I remember,cf. mnemonics,mnēmoneuō,Verb,21,21
583,παράπτωμα,-ατος,τό,a trespass,,paraptōma,Noun,21,21
584,πειρασμός,-οῦ,ὁ,temptation,,peirasmos,Noun,21,21
585,τελώνης,-ου,ὁ,a taxgatherer,,telōnēs,Noun,21,21
586,τεσσαράκοντα,,,"indeclinable, forty",,tessarakonta,Adjective,21,21
587,τιμάω,,,I honor,"Timothy, honoring God",timaō,Verb,21,21
588,ὑπακούω,,,I obey,,hypakouō,Verb,21,21
589,χιλιάς,-άδος,ἡ,a thousand,"chiliasm, millenarianism",chilias,Noun,21,21
590,αἰτία,-ας,ἡ,"a cause, accusation","etiology, the investigation of causes",aitia,Noun,20,20
591,ἀκροβυστία,-ας,ἡ,uncircumcision,,akrobystia,Noun,20,20
592,βάπτισμα,-ατος,τό,baptism,baptism,baptisma,Noun,20,20
593,γονεύς,-έως,ὁ,a parent,cf. gonad,goneus,Noun,20,20
594,ἐνεργέω,,,"I work, effect",cf. energy,energeō,Verb,20,20
595,ἐπίγνωσις,-εως,ἡ,knowledge,,epignōsis,Noun,20,20
596,ἰχθύς,-ύος,ὁ,a fish,ichthyology,ichthys,Noun,20,20
597,κρύπτω,,,I conceal,cryptic,kryptō,Verb,20,20
598,μαρτύριον,-ου,τό,"a testimony, witness, proof",cf. martyrdom,martyrion,Noun,20,20
599,ξύλον,-ου,τό,"wood, tree",xylophone,xylon,Noun,20,20
600,προάγω,,,"I lead forth, go before",,proagō,Verb,20,20
601,σκηνή,-ῆς,ἡ,"a tent, tabernacle",scene,skēnē,Noun,20,20
602,σοφός,"-ή, -όν",,wise,"cf. sophomore, literally, a wise fool [μωρός]",sophos,Adjective,20,20
603,ὑπηρέτης,-ου,ὁ,"a servant, assistant",,hypēretēs,Noun,20,20
604,ὑψόω,,,"I lift up, exalt","cf. hypsophobia, fear of high places",hypsoō,Verb,20,20
605,ἀπέχω,,,I have received (payment); I am distant,,apechō,Verb,19,19
606,γεωργός,-οῦ,ὁ,a farmer,George,geōrgos,Noun,19,19
607,διακρίνω,,,"I discriminate, judge; middle, I doubt",,diakrinō,Verb,19,19
608,δῶρον,-ου,τό,a gift,"Theodore, Dorothea [or Dorothy], gift of God",dōron,Noun,19,19
609,ἐπαίρω,,,I lift up,,epairō,Verb,19,19
610,ἐπάνω,,,above; (+ gen.) over,,epanō,Preposition,19,19
611,ἐπιβάλλω,,,I lay upon,,epiballō,Verb,19,19
612,ἐπιλαμβάνομαι,,,I take hold of,,epilambanomai,Verb,19,19
613,ἐπουράνιος,-ιον,,heavenly,,epouranios,Adjective,19,19
614,ἡγεμών,-όνος,ὁ,"a leader, a","Roman) governor (cf. hegemony, leadership, especially of one state of a confederacy",hēgemōn,Noun,19,19
615,κοινωνία,-ας,ἡ,fellowship; contribution,,koinōnia,Noun,19,19
616,κρείσσων,-ονος,,better,or κρείττων,kreissōn,Comparative Adjective,19,19
617,κριτής,-οῦ,ὁ,a judge,critic,kritēs,Noun,19,19
618,κτίσις,-εως,ἡ,"creation, creature",,ktisis,Noun,19,19
619,μεριμνάω,,,"I am anxious, distracted",,merimnaō,Verb,19,19
620,μέχρι,or μέχρις,,until; (+ gen.) as far as,,mechri,Preposition,19,19
621,νηστεύω,,,I fast,,nēsteuō,Verb,19,19
622,παλαιός,"-ά, -όν",,old,palaeography,palaios,Adjective,19,19
623,παρατίθημι,,,"I set before; middle, I entrust",,paratithēmi,Verb,19,19
624,πότε,,,when?,,pote,Particle,19,19
625,προφητεία,-ας,ἡ,a prophecy,prophecy,prophēteia,Noun,19,19
626,τέλειος,"-α, -ον",,"complete, perfect, mature",cf. teleology,teleios,Adjective,19,19
627,τοσοῦτος,"-αύτη, -οῦτον ",,"and -οῦτο, so great, so much; plural, so many",,tosoutos,Adjective,19,19
628,τρέχω,,,I run,,trechō,Verb,19,19
629,ἀληθῶς,,,truly,,alēthōs,Adverb,18,18
630,ἀνάγκη,-ης,ἡ,necessity,,anankē,Noun,18,18
631,ἀποκάλυψις,-εως,ἡ,a revelation,apocalypse,apokalypsis,Noun,18,18
632,ἀπώλεια,-ας,ἡ,destruction,cf. Apollyon,apōleia,Noun,18,18
633,ἀριθμός,-οῦ,ὁ,a number,arithmetic,arithmos,Noun,18,18
634,βλασφημία,-ας,ἡ,"reproach, blasphemy",blasphemy,blasphēmia,Noun,18,18
635,δέησις,-εως,ἡ,an entreaty,,deēsis,Noun,18,18
636,δεσμός,-οῦ,ὁ,"a fetter, bond",,desmos,Noun,18,18
637,εἰσπορεύομαι,,,I enter,,eisporeuomai,Verb,18,18
638,ἐλέγχω,,,"I convict, reprove","elenchus, a logical refutation",elenchō,Verb,18,18
639,ἐμβαίνω,,,I embark,,embainō,Verb,18,18
640,ἐπιτρέπω,,,I permit,,epitrepō,Verb,18,18
641,θυμός,-οῦ,ὁ,wrath,,thymos,Noun,18,18
642,καταγγέλλω,,,I proclaim,,katangellō,Verb,18,18
643,κατακρίνω,,,I condemn,,katakrinō,Verb,18,18
644,κατέχω,,,"I hold back, hold fast",,katechō,Verb,18,18
645,κενός,"-ή, -όν",,"empty, vain","cenotaph, sepulchral monument to a person whose body is not contained in it",kenos,Adjective,18,18
646,κληρονομέω,,,I inherit,,klēronomeō,Verb,18,18
647,κοιμάομαι,,,"I sleep, fall asleep","cemetery, literally, a sleeping chamber",koimaomai,Verb,18,18
648,κόπος,-ου,ὁ,"labor, trouble",,kopos,Noun,18,18
649,κρυπτός,"-ή, -όν",,hidden,cryptic,kryptos,Adjective,18,18
650,μήν,μηνός,ὁ,a month,"menology, a calendar, especially that of the Greek Church, provided with short biographies of saints",mēn,Noun,18,18
651,μήτι,,,interrogative particle in questions expecting a negative answer,,mēti,Particle,18,18
652,οἰκοδομή,-ῆς,ἡ,a building; edification,,oikodomē,Noun,18,18
653,παράχρημα,,,immediately,,parachrēma,Adverb,18,18
654,ποιμήν,-ένος,ὁ,a shepherd,"poimenic, pertaining to pastoral theology",poimēn,Noun,18,18
655,πόλεμος,-ου,ὁ,a war,polemics,polemos,Noun,18,18
656,προστίθημι,,,"I add, add to",,prostithēmi,Verb,18,18
657,πυλών,-ῶνος,ὁ,"a vestibule, gateway",pylon,pylōn,Noun,18,18
658,στέφανος,-ου,ὁ,a crown,Stephen,stephanos,Noun,18,18
659,ταράσσω,,,I trouble,,tarassō,Verb,18,18
660,τίκτω,,,I give birth to,,tiktō,Verb,18,18
661,ὑποκριτής,-οῦ,ὁ,a hypocrite,,hypokritēs,Noun,18,18
662,ὑπομένω,,,I tarry; I endure,,hypomenō,Verb,18,18
663,φανερός,"-ά, όν",,manifest,,phaneros,Adjective,18,18
664,χρύσεος,"-α, -ον",,golden,"chrysanthemum, literally, golden flower ; contracted χρυσοῦς, -ῆ, -οῦν",chryseos,Adjective,18,18
665,ἀρέσκω,,,I please,,areskō,Verb,17,17
666,αὑτοῦ,,,of himself,,hautou,Pronoun,17,17
667,ἄφεσις,-εως,ἡ,"a sending away, remission","aphesis, the gradual loss of a short unaccented vowel at the beginning of a word; as ‘squire’ for ‘esquire’",aphesis,Noun,17,17
668,βρῶμα,-ατος,τό,food,,brōma,Noun,17,17
669,γάμος,-ου,ὁ,"a marriage, wedding","bigamy, double marriage; digamy, second marriage after the decease of the first spouse, condemned as a sin by certain Church Fathers",gamos,Noun,17,17
670,δέσμιος,-ου,ὁ,a prisoner,,desmios,Noun,17,17
671,ἑκατόν,,,one hundred,"hecatomb, great public sacrifice, properly of 100 oxen [βοῦς]",hekaton,Adjective,17,17
672,ἐξίστημι,,,"I amaze, am amazed",,existēmi,Verb,17,17
673,ἐπαύριον,,,on the morrow,,epaurion,Adverb,17,17
674,ἐπιμένω,,,I continue,,epimenō,Verb,17,17
675,ἕτοιμος,"-η, -ον",,"ready, prepared",,hetoimos,Adjective,17,17
676,θησαυρός,-οῦ,ὁ,"a storehouse, treasure",thesaurus,thēsauros,Noun,17,17
677,ἵππος,-ου,ὁ,a horse,"hippopotamus, literally, a river-horse",hippos,Noun,17,17
678,καθάπερ,,,"even as, as",,kathaper,Preposition,17,17
679,καταλύω,,,I destroy; I lodge,cf. catalyze,katalyō,Verb,17,17
680,κερδαίνω,,,I gain,,kerdainō,Verb,17,17
681,νίπτω,,,I wash,,niptō,Verb,17,17
682,νυμφίος,-ου,ὁ,a bridegroom,akin to nuptial,nymphios,Noun,17,17
683,περιτέμνω,,,I circumcize,,peritemnō,Verb,17,17
684,πλήρωμα,-ατος,τό,fullness,"pleroma, in Valentinian Gnosticism, the world of light, including the body of eons",plērōma,Noun,17,17
685,πλησίον,,,"near; as a noun, a neighbor",,plēsion,Adjective,17,17
686,πολλάκις,,,often,,pollakis,Adverb,17,17
687,ποταμός,-οῦ,ὁ,a river,"hippopotamus, literally, a river-horse",potamos,Noun,17,17
688,ῥύομαι,,,"I rescue, deliver",,rhyomai,Verb,17,17
689,σκοτία,-ας,ἡ,darkness,"scotoscope, a field-glass for seeing by night",skotia,Noun,17,17
690,χάρισμα,-ατος,τό,a gift,"freely and graciously given) (charism, a special spiritual gift or power divinely conferred; 1 Cor. 12",charisma,Noun,17,17
691,ὡσαύτως,,,likewise,,hōsautōs,Adverb,17,17
692,ἀθετέω,,,I reject,"athetize, to reject a text or passage as spurious",atheteō,Verb,16,16
693,ἀνακρίνω,,,I examine,,anakrinō,Verb,16,16
694,ἀπάγω,,,I lead away,,apagō,Verb,16,16
695,δεῖπνον,-ου,τό,a supper,,deipnon,Noun,16,16
696,δηνάριον,-ου,τό,a denarius,denarius,dēnarion,Noun,16,16
697,διαλογίζομαι,,,I debate,,dialogizomai,Verb,16,16
698,διατάσσω,,,I command,,diatassō,Verb,16,16
699,διψάω,,,I thirst,"cf. dipsomania, a craving for alcohol",dipsaō,Verb,16,16
700,ἐκτείνω,,,I stretch forth,cf. extend,ekteinō,Verb,16,16
701,ἐκχέω,,,I pour out,,ekcheō,Verb,16,16
702,ἐντέλλομαι,,,I command,,entellomai,Verb,16,16
703,ἔπειτα,,,then,,epeita,Adverb,16,16
704,ἐπιθυμέω,,,I desire,,epithymeō,Verb,16,16
705,ἐργάτης,-ου,ὁ,a workman,cf. energy,ergatēs,Noun,16,16
706,εὐλογία,-ας,ἡ,a blessing,eulogy,eulogia,Noun,16,16
707,ζῆλος,-ου,ὁ,"zeal, jealousy",zeal,zēlos,Noun,16,16
708,θεμέλιος,-ου,ὁ,a foundation,,themelios,Noun,16,16
709,κακῶς,,,badly,,kakōs,Adverb,16,16
710,κατέρχομαι,,,"I come down, go down",,katerchomai,Verb,16,16
711,κλείω,,,I shut,,kleiō,Verb,16,16
712,κλέπτης,-ου,ὁ,a thief,kleptomaniac,kleptēs,Noun,16,16
713,οὐδέποτε,,,never,,oudepote,Adverb,16,16
714,πάθημα,-ατος,τό,suffering,cf. pathological; apathy,pathēma,Noun,16,16
715,παρέχω,,,"I offer, afford",,parechō,Verb,16,16
716,πέτρα,-ας,ἡ,a rock,petrify,petra,Noun,16,16
717,πλήρης,-ες,,full,,plērēs,Adjective,16,16
718,προσδοκάω,,,I wait for,,prosdokaō,Verb,16,16
719,ῥαββί,,,"indeclinable, ὁ,",my) master (rabbi,rhabbi,Noun,16,16
720,ῥίζα,-ης,ἡ,a root,cf. rhizome,rhiza,Noun,16,16
721,συκῆ,-ῆς,ἡ,a fig tree,"sycophant, a flatterer, literally, a fig-shower [the reason for the name is not definitely known]",sykē,Noun,16,16
722,συλλαμβάνω,,,"I take, conceive",,syllambanō,Verb,16,16
723,συνίστημι,or συνιστάνω,,"transitive tenses, I commend; intransitive tenses, I stand with, consist",,synistēmi,Verb,16,16
724,σφραγίς,-ῖδος,ἡ,a seal,"sphragistics, the science of seals, their history, age, distinctions, etc.",sphragis,Noun,16,16
725,τέρας,-ατος,τό,a wonder,,teras,Noun,16,16
726,τολμάω,,,I dare,,tolmaō,Verb,16,16
727,τροφή,-ῆς,ἡ,food,"cf. atrophy, wasting due to malnutrition",trophē,Noun,16,16
728,ὑστερέω,,,I lack,,hystereō,Verb,16,16
729,χορτάζω,,,"(passive) I eat to the full, am satisfied, am filled",,chortazō,Verb,16,16
730,ὦ,,,O!,,ō,Particle,16,16
731,ἀνέχομαι,,,I endure,,anechomai,Verb,15,15
732,γεύομαι,,,I taste,"cf. gusto, disgust",geuomai,Verb,15,15
733,γνωστός,"-ή, -όν",,known,,gnōstos,Adjective,15,15
734,γυμνός,"-ή, -όν",,naked,gymnasium,gymnos,Adjective,15,15
735,δέρω,,,I beat,,derō,Verb,15,15
736,διαμαρτύρομαι,,,I testify solemnly,,diamartyromai,Verb,15,15
737,ἐλαία,-ας,ἡ,an olive tree,,elaia,Noun,15,15
738,ἐπαγγέλλομαι,,,I promise,,epangellomai,Verb,15,15
739,εὐσέβεια,-ας,ἡ,"piety, godliness",Eusebius,eusebeia,Noun,15,15
740,εὐχαριστία,-ας,ἡ,thanksgiving,Eucharist,eucharistia,Noun,15,15
741,θρίξ,τριχός,ἡ,a hair,"trichina, a thread-like worm",thrix,Noun,15,15
742,καταλαμβάνω,,,"I overtake, apprehend",,katalambanō,Verb,15,15
743,κατεσθίω,,,"I eat up, devour",,katesthiō,Verb,15,15
744,κλάω,,,I break,"iconoclast, literally, a breaker of images",klaō,Verb,15,15
745,κληρονόμος,-ου,ὁ,an heir,,klēronomos,Noun,15,15
746,κτίζω,,,I create,,ktizō,Verb,15,15
747,λῃστής,-οῦ,ὁ,a robber,,lēstēs,Noun,15,15
748,λύπη,-ης,ἡ,"pain, grief",,lypē,Noun,15,15
749,μοιχεύω,,,I commit adultery,,moicheuō,Verb,15,15
750,νήπιος,-ου,ὁ,"an infant, child",,nēpios,Noun,15,15
751,νομίζω,,,I suppose,,nomizō,Verb,15,15
752,ξηραίνω,,,I dry up,"cf. xerophagy, among early Christians, the practice of living on a diet of dry food, especially during Lent and other fasts",xērainō,Verb,15,15
753,ὅθεν,,,"whence, wherefore",,hothen,Relative pronoun,15,15
754,οἰκουμένη,-ης,ἡ,the,inhabited) world (cf. ecumenical,oikoumenē,Noun,15,15
755,ὁμοιόω,,,"I make like, liken","homoeoteleuton, the occurrence of the same or similar endings of lines, a frequent source of error in copied manuscripts",homoioō,Verb,15,15
756,παρθένος,-ου,ἡ,a virgin,parthenogenesis,parthenos,Noun,15,15
757,παύομαι,,,I cease,,pauomai,Verb,15,15
758,ποτίζω,,,I give drink to,akin to potion,potizō,Verb,15,15
759,σαλεύω,,,I shake,,saleuō,Verb,15,15
760,σκάνδαλον,-ου,τό,a cause of stumbling,scandal,skandalon,Noun,15,15
761,συμφέρω,,,"I bring together; impersonally, it is profitable",,sympherō,Verb,15,15
762,σφραγίζω,,,I seal,"cf. sphragistics, the science of seals, their history, age, distinctions, etc.",sphragizō,Verb,15,15
763,τράπεζα,-ης,ἡ,a table,"trapeze, so called from the square or rectangle formed by the ropes and crossbar",trapeza,Noun,15,15
764,τύπος,-ου,ὁ,"mark, example",type,typos,Noun,15,15
765,ὑπακοή,-ῆς,ἡ,obedience,,hypakoē,Noun,15,15
766,χόρτος,-ου,ὁ,"grass, hay",,chortos,Noun,15,15
767,ὠφελέω,,,I profit,,ōpheleō,Verb,15,15
768,ἄκανθαι,-ῶν,αἱ,thorns,the acanthus plant,akanthai,Noun,14,14
769,ἀλλότριος,"-α, -ον",,"another’s, strange",,allotrios,Adjective,14,14
770,ἀμφότεροι,"-αι, -α",,both,,amphoteroi,Adjective,14,14
771,ἀνάκειμαι,,,I recline,at meals,anakeimai,Verb,14,14
772,ἀναχωρέω,,,I depart,,anachōreō,Verb,14,14
773,ἀνθίστημι,,,I resist,,anthistēmi,Verb,14,14
774,ἀνομία,-ας,ἡ,lawlessness,,anomia,Noun,14,14
775,ἅπαξ,,,"once, once for all",,hapax,Adverb,14,14
776,ἀπειθέω,,,"I disbelieve, disobey",,apeitheō,Verb,14,14
777,ἀτενίζω,,,"I look intently, gaze upon intently",,atenizō,Verb,14,14
778,αὔριον,,,tomorrow,,aurion,Adverb,14,14
779,ἀφίστημι,,,"I withdraw, depart",,aphistēmi,Verb,14,14
780,γράμμα,-ατος,τό,"a letter (of the alphabet); plural, writings",,gramma,Noun,14,14
781,διαλογισμός,-οῦ,ὁ,"a reasoning, questioning",cf. dialogue,dialogismos,Noun,14,14
782,ἕκτος,"-η, -ον",,sixth,,hektos,Adjective,14,14
783,ἐλάχιστος,"-η, -ον",,least,,elachistos,Adjective,14,14
784,ἐνιαυτός,-οῦ,ὁ,a year,,eniautos,Noun,14,14
785,ἐπίσταμαι,,,I understand,"cf. epistemology, the science of the methods and grounds of knowledge",epistamai,Verb,14,14
786,εὐφραίνω,,,I rejoice,"cf. Euphrosyne, one of the three Graces in Greek mythology",euphrainō,Verb,14,14
787,κατανοέω,,,I observe,,katanoeō,Verb,14,14
788,κληρονομία,-ας,ἡ,an inheritance,,klēronomia,Noun,14,14
789,κοινός,"-ή, -όν",,"common, unclean",ceremonially,koinos,Adjective,14,14
790,κοινόω,,,"I make common, I defile","ceremonially) (cf. cenobite, one dwelling in a convent community [where all is held in common]",koinoō,Verb,14,14
791,κωφός,"-ή, -όν",,"deaf, dumb",,kōphos,Adjective,14,14
792,λύχνος,-ου,ὁ,a lamp,,lychnos,Noun,14,14
793,μακρόθεν,,,"from afar, afar",,makrothen,Adverb,14,14
794,μακροθυμία,-ας,ἡ,"long-suffering, patience, forbearance",,makrothymia,Noun,14,14
795,μερίζω,,,I divide,,merizō,Verb,14,14
796,μέτρον,-ου,τό,a measure,meter,metron,Noun,14,14
797,μύρον,-ου,τό,ointment,,myron,Noun,14,14
798,μωρός,"-ά, -όν",,foolish,moron,mōros,Adjective,14,14
799,νοέω,,,I understand,noetic,noeō,Verb,14,14
800,ξένος,"-η, -ον",,"strange; as a noun, a stranger, host",the chemical element xenon,xenos,Adjective,14,14
801,οἷος,"-α, -ον",,such as,,hoios,Adjective,14,14
802,ὄφις,-εως,ὁ,a serpent,"Ophites, Gnostics who revered the serpent as the symbol of hidden, divine wisdom",ophis,Noun,14,14
803,ὀψία,-ας,ἡ,evening,,opsia,Noun,14,14
804,πετεινά,-ῶν,τά,birds,,peteina,Noun,14,14
805,προσδέχομαι,,,"I receive, wait for",,prosdechomai,Verb,14,14
806,σεισμός,-οῦ,ὁ,an earthquake,seismograph,seismos,Noun,14,14
807,σῖτος,-ου,ὁ,wheat,"parasite, literally, one who sits by [παρά] another’s food and eats at his expense",sitos,Noun,14,14
808,στηρίζω,,,I establish,,stērizō,Verb,14,14
809,τάλαντον,-ου,τό,a talent,talent,talanton,Noun,14,14
810,ταπεινόω,,,I humble,,tapeinoō,Verb,14,14
811,φρόνιμος,"-η, -ον",,prudent,,phronimos,Adjective,14,14
812,χωλός,"-ή, -όν",,lame,,chōlos,Adjective,14,14
813,ἀνά,,,"(+ acc.) upwards, up; with numerals, each; ἀνὰ μέσον, into the midst, among",,ana,Preposition,13,13
814,ἀναγγέλλω,,,"I announce, report",,anangellō,Verb,13,13
815,ἀναλαμβάνω,,,I take up,,analambanō,Verb,13,13
816,ἀναστροφή,-ῆς,ἡ,conduct,,anastrophē,Noun,13,13
817,ἄνωθεν,,,"from above, again",,anōthen,Adverb,13,13
818,ἁρπάζω,,,I seize,"cf. harpoon, harpy",harpazō,Verb,13,13
819,βοάω,,,I cry aloud,,boaō,Verb,13,13
820,βουλή,-ῆς,ἡ,"counsel, purpose",,boulē,Noun,13,13
821,δαιμονίζομαι,,,I am demon possessed,demonize,daimonizomai,Verb,13,13
822,διαλέγομαι,,,I dispute,dialectics,dialegomai,Verb,13,13
823,διαφέρω,,,I differ,,diapherō,Verb,13,13
824,δράκων,-οντος,ὁ,a dragon,dragon,drakōn,Noun,13,13
825,εἶτα,,,then,,eita,Adverb,13,13
826,ἐκπλήσσομαι,,,"I am astonished, amazed",,ekplēssomai,Verb,13,13
827,ἐλεημοσύνη,"-ης, -",ἡ,alms,eleemosynary; alms,eleēmosynē,Noun,13,13
828,ἐμπαίζω,,,I mock,,empaizō,Verb,13,13
829,ἕξ,,,six,"Hexapla, the edition of the Old Testament compiled by Origen, in the third century, comprising six columns",hex,Adjective,13,13
830,ἐξαποστέλλω,,,I send forth,,exapostellō,Verb,13,13
831,ἔξωθεν,,,(+ gen.) from without,,exōthen,Preposition,13,13
832,ἐπιζητέω,,,I seek for,,epizēteō,Verb,13,13
833,ἐπιπίπτω,,,I fall upon,,epipiptō,Verb,13,13
834,ζύμη,-ης,ἡ,leaven,enzyme,zymē,Noun,13,13
835,θερισμός,-οῦ,ὁ,harvest,cf. thermal,therismos,Noun,13,13
836,θύω,,,"I sacrifice, kill",thyme,thyō,Verb,13,13
837,καπνός,-οῦ,ὁ,smoke,,kapnos,Noun,13,13
838,καταισχύνω,,,I put to shame,,kataischynō,Verb,13,13
839,κατακαίω,,,I burn up,,katakaiō,Verb,13,13
840,καταντάω,,,I come to,,katantaō,Verb,13,13
841,καταρτίζω,,,"I mend, fit, perfect",,katartizō,Verb,13,13
842,κλέπτω,,,I steal,cf. cleptomania,kleptō,Verb,13,13
843,παιδεύω,,,"I teach, chastise",cf. pedagogue,paideuō,Verb,13,13
844,παιδίσκη,-ης,ἡ,a maid servant,,paidiskē,Noun,13,13
845,παράδοσις,-εως,ἡ,a tradition,,paradosis,Noun,13,13
846,πρίν,,,before,,prin,Adverb,13,13
847,πώς,,,"at all, somehow, in any way",,pōs,Particle,13,13
848,συνεργός,-οῦ,ὁ,a fellow worker,"cf. synergism, the semi-Pelagian doctrine that there are two efficient agents in regeneration, namely the human will and the divine Spirit, which, in the strict sense of the term, co-operate",synergos,Noun,13,13
849,τίμιος,"-α, -ον",,"precious, honorable,","cf. Timothy, honoring God",timios,Adjective,13,13
850,τρόπος,-ου,ὁ,"manner, way","in rhetoric, trope, a figurative use of a word",tropos,Noun,13,13
851,τύπτω,,,I smite,"cf. tympanum, the middle ear",typtō,Verb,13,13
852,ὕψιστος,"-η, -ον",,highest,,hypsistos,Adjective,13,13
853,φύσις,-εως,ἡ,nature,physics,physis,Noun,13,13
854,χρυσίον,-ου,τό,gold,"cf. chrysanthemum, literally, golden flower",chrysion,Noun,13,13
855,χωρίζω,,,"I separate, depart",,chōrizō,Verb,13,13
856,ἄδικος,-ον,,unjust,,adikos,Adjective,12,12
857,ἀλέκτωρ,-ορος,ὁ,a cock,"cf. alectryomancy, divination by means of a cock encircled by grains of corn placed on letters of the alphabet, the letters being then put together in the order in which the grains were eaten",alektōr,Noun,12,12
858,ἀναπαύω,,,I refresh; middle: I take rest,,anapauō,Verb,12,12
859,ἀναπίπτω,,,I recline,,anapiptō,Verb,12,12
860,ἀπαρνέομαι,,,I deny,,aparneomai,Verb,12,12
861,ἀσκός,-οῦ,ὁ,a,"leather) bottle, wine-skin (in botany, ascidium, the leaf of the pitcher plant",askos,Noun,12,12
862,αὐλή,-ῆς,ἡ,a court,"in Austro-German history, the Aulic Council",aulē,Noun,12,12
863,βαπτιστής,-οῦ,ὁ,baptist,Baptist,baptistēs,Noun,12,12
864,βασανίζω,,,I torment,,basanizō,Verb,12,12
865,βῆμα,-ατος,τό,judgment seat,"in ecclesiastical architecture, bema, the inner part of the chancel, reserved for the clergy",bēma,Noun,12,12
866,βροντή,-ῆς,ἡ,thunder,"brontosaurus, literally, thunder-lizard",brontē,Noun,12,12
867,γέεννα,-ης,ἡ,gehenna,Gehenna,geenna,Noun,12,12
868,γόνυ,-ατος,τό,a knee,akin to genuflect,gony,Noun,12,12
869,δεῦτε,,,come!,,deute,Adverb,12,12
870,διάνοια,-ας,ἡ,"the mind, understanding, a thought",,dianoia,Noun,12,12
871,δίκτυον,-ου,τό,a net,,diktyon,Noun,12,12
872,ἔθος,-ους,τό,a custom,ethics,ethos,Noun,12,12
873,ἐξάγω,,,I lead out,,exagō,Verb,12,12
874,ἐξουθενέω,,,I despise,,exoutheneō,Verb,12,12
875,ἔσωθεν,,,"from within, within",,esōthen,Adverb,12,12
876,καίω,,,I burn,caustic,kaiō,Verb,12,12
877,κἀκεῖ,,,and there,καὶ + ἐκεῖ,kakei,,12,12
878,κάλαμος,-ου,ὁ,a reed,calamus,kalamos,Noun,12,12
879,κατάκειμαι,,,"I lie down, lie sick, recline",at meals,katakeimai,Verb,12,12
880,κολλάομαι,,,"I join, cleave to",cf. colloid,kollaomai,Verb,12,12
881,κομίζω,,,I receive,,komizō,Verb,12,12
882,κράτος,-ους,τό,"power, dominion","cf. democracy, rule of the people",kratos,Noun,12,12
883,λίαν,,,greatly,,lian,Adverb,12,12
884,λιμός,-οῦ,ὁ,"hunger, famine","in medicine, limosis, excessive and morbid hunger",limos,Noun,12,12
885,λυχνία,-ας,ἡ,a lampstand,,lychnia,Noun,12,12
886,μάλιστα,,,especially,,malista,Superlative,12,12
887,ὀδούς,-όντος,ὁ,a tooth,odontology,odous,Noun,12,12
888,οἰκοδεσπότης,-ου,ὁ,a householder,,oikodespotēs,Noun,12,12
889,ὅραμα,-ατος,τό,a vision,"panorama, a complete [πᾶν] view",horama,Noun,12,12
890,ὅρια,-ων,τά,boundaries,cf. horizon,horia,Noun,12,12
891,παραιτέομαι,,,"I make excuse, refuse",,paraiteomai,Verb,12,12
892,πιάζω,,,I take,,piazō,Verb,12,12
893,πληθύνω,,,I multiply,,plēthynō,Verb,12,12
894,πλουτέω,,,I am rich,cf. plutocrat,plouteō,Verb,12,12
895,πόρνη,-ης,ἡ,a prostitute,pornography,pornē,Noun,12,12
896,πρόθεσις,-εως,ἡ,a setting forth; a purpose,"in the Eastern Church, the prothesis, referring to the placing of the eucharistic elements",prothesis,Noun,12,12
897,προσλαμβάνω,,,I receive,,proslambanō,Verb,12,12
898,πρωΐ,,,"in the morning, early",,prōi,Adverb,12,12
899,πῶλος,-ου,ὁ,a colt,,pōlos,Noun,12,12
900,ῥάβδος,-ου,ἡ,"a staff, rod","rhabdomancy, divination by rods",rhabdos,Noun,12,12
901,σαλπίζω,,,I sound a trumpet,,salpizō,Verb,12,12
902,σπλαγχνίζομαι,,,I have compassion,splanchnic,splanchnizomai,Verb,12,12
903,σπουδή,-ῆς,ἡ,"haste, diligence",,spoudē,Noun,12,12
904,στήκω,,,"I stand, stand fast",,stēkō,Verb,12,12
905,συνέχω,,,"I hold fast, oppress",,synechō,Verb,12,12
906,ταχύ,,,quickly,"tachygraphy, stenography, especially that of the ancient Greeks and Romans",tachy,,12,12
907,τρίς,,,thrice,"in liturgics, the Trisagion",tris,Adverb,12,12
908,τυγχάνω,,,"I obtain, happen",,tynchanō,Verb,12,12
909,ὑγιαίνω,,,I am in good health,cf. hygiene,hygiainō,Verb,12,12
910,ὑγιής,-ές,,"whole, healthy",cf. hygiene,hygiēs,Adjective,12,12
911,ὑψηλός,"-ή, -όν",,high,,hypsēlos,Adjective,12,12
912,φιάλη,-ης,ἡ,"a cup, bowl","phial, vial",phialē,Noun,12,12
913,φονεύω,,,"I kill, murder",,phoneuō,Verb,12,12
914,χοῖρος,-ου,ὁ,a pig,,choiros,Noun,12,12
915,ψεύδομαι,,,I lie,pseudo-,pseudomai,Verb,12,12
916,ἀγαλλιάω,,,I exult,,agalliaō,Verb,11,11
917,ἀγορά,-ᾶς,ἡ,a market-place,agora,agora,Noun,11,11
918,ἅλυσις,-εως,ἡ,a chain,,halysis,Noun,11,11
919,ἀναστρέφω,,,I return; I live,,anastrephō,Verb,11,11
920,ἀπιστία,-ας,ἡ,unbelief,,apistia,Noun,11,11
921,ἀρχαῖος,"-α, -ον",,"old, ancient",archaic,archaios,Adjective,11,11
922,ἄφρων,-ον,,foolish,,aphrōn,Adjective,11,11
923,βρῶσις,-εως,ἡ,"eating, food, rust",,brōsis,Noun,11,11
924,γέμω,,,I fill,,gemō,Verb,11,11
925,δάκρυ,-υος,τό,a tear,"akin to lachrymal ; also, δάκρυον, -ου",dakry,Noun,11,11
926,διαμερίζω,,,"I divide, distribute",,diamerizō,Verb,11,11
927,δόλος,-ου,ὁ,guile,,dolos,Noun,11,11
928,δωρεά,-ᾶς,ἡ,a gift,,dōrea,Noun,11,11
929,ἐάω,,,I permit,,eaō,Verb,11,11
930,εἴδωλον,-ου,τό,"an image, idol",idol,eidōlon,Noun,11,11
931,εἴκοσι,,,twenty,"icosahedron, a geometric figure with twenty faces",eikosi,,11,11
932,εἰσάγω,,,I lead in,,eisagō,Verb,11,11
933,ἐκχύννομαι,,,I pour out,,ekchynnomai,Verb,11,11
934,ἔλαιον,-ου,τό,olive-oil,"akin to oil, oleo-",elaion,Noun,11,11
935,ἐλευθερία,-ας,ἡ,liberty,,eleutheria,Noun,11,11
936,ἐμβλέπω,,,I look at,,emblepō,Verb,11,11
937,ἐνδείκνυμαι,,,I show forth,,endeiknymai,Verb,11,11
938,ἔπαινος,-ου,ὁ,praise,,epainos,Noun,11,11
939,ἐπαισχύνομαι,,,I am ashamed,,epaischynomai,Verb,11,11
940,ἐπισκέπτομαι,,,"I visit, have a care for",cf. episcopal,episkeptomai,Verb,11,11
941,ζηλόω,,,I am zealous,cf. zeal,zēloō,Verb,11,11
942,ζῳοποιέω,,,I make alive,,zōopoieō,Verb,11,11
943,θανατόω,,,I put to death,cf. thanatopsis,thanatoō,Verb,11,11
944,θάπτω,,,I bury,cf. cenotaph; epitaph,thaptō,Verb,11,11
945,κακία,-ας,ἡ,"malice, evil",,kakia,Noun,11,11
946,καταβολή,-ῆς,ἡ,a foundation,cf. katabolism,katabolē,Noun,11,11
947,κατασκευάζω,,,I prepare,,kataskeuazō,Verb,11,11
948,κάτω,,,"down, below",,katō,,11,11
949,καύχημα,-ατος,τό,"a boasting, ground of boasting",,kauchēma,Noun,11,11
950,καύχησις,-εως,ἡ,boasting,,kauchēsis,Noun,11,11
951,κέρας,-ατος,τό,horn,"rhinoceros, literally, nose-horn",keras,Noun,11,11
952,κλάδος,-ου,ὁ,a branch,"of a tree) (in botany, cladophyll",klados,Noun,11,11
953,κλῆρος,-ου,ὁ,a lot,"that which is cast or drawn); a portion (clergy; cleric, clerk",klēros,Noun,11,11
954,κλῆσις,-εως,ἡ,"a (divine) call, invitation, summons",,klēsis,Noun,11,11
955,κλητός,"-ή, -όν",,called,,klētos,Adjective,11,11
956,κράβαττος,-ου,ὁ,"a mattress, pallet, bed",of a poor man,krabattos,Noun,11,11
957,λίμνη,-ης,ἡ,a lake,"limnology, the scientific study of ponds and lakes",limnē,Noun,11,11
958,μεταβαίνω,,,I depart,,metabainō,Verb,11,11
959,νεανίσκος,-ου,ὁ,a youth,,neaniskos,Noun,11,11
960,νόσος,-ου,ἡ,a disease,"nosophobia, a morbid fear of disease",nosos,Noun,11,11
961,ὁμοθυμαδόν,,,with one accord,,homothymadon,,11,11
962,ὀνειδίζω,,,I reproach,,oneidizō,Verb,11,11
963,παράγω,,,I pass by,,paragō,Verb,11,11
964,παραλυτικός,-οῦ,ὁ,a paralytic,paralytic,paralytikos,Noun,11,11
965,παρεμβολή,-ῆς,ἡ,"a camp, army, fortress",,parembolē,Noun,11,11
966,περισσοτέρως,,,more abundantly,,perissoterōs,Adverb,11,11
967,πηγή,-ῆς,ἡ,"a spring, fountain",,pēgē,Noun,11,11
968,ποιμαίνω,,,"I shepherd, rule","poimenic, pertaining to pastoral theology",poimainō,Verb,11,11
969,πρᾶγμα,-ατος,τό,"a deed, matter, thing",pragmatic,pragma,Noun,11,11
970,πραΰτης,-ῆτος,ἡ,"gentleness, humility, courtesy",,prautēs,Noun,11,11
971,πρότερος,"-α, -ον",,"former; as an adverb, before",cf. proto-,proteros,Adjective,11,11
972,πυνθάνομαι,,,I inquire,,pynthanomai,Verb,11,11
973,σάλπιγξ,-ιγγος,ἡ,a trumpet,,salpinx,Noun,11,11
974,σπλάγχνα,-ων,τά,"bowels; heart, tender mercies, compassion",splanchnic,splanchna,Noun,11,11
975,σπουδάζω,,,"I hasten, am eager",,spoudazō,Verb,11,11
976,σφόδρα,,,exceedingly,,sphodra,,11,11
977,σχίζω,,,I split,schism; schizophrenia,schizō,Verb,11,11
978,τελευτάω,,,I die,,teleutaō,Verb,11,11
979,τριάκοντα,,,"indeclinable, thirty",,triakonta,,11,11
980,ὑμέτερος,"-α, -ον",,your,,hymeteros,Adjective,11,11
981,ὑπαντάω,,,"I meet, go to meet",,hypantaō,Verb,11,11
982,ὑποκάτω,,,"under, below, down at",,hypokatō,Preposition,11,11
983,ὕστερον,,,"later, afterwards","in rhetoric, hysteron-proteron, a reversing of the natural order of the sense, as ‘he is well and lives’",hysteron,,11,11
984,φυτεύω,,,I plant,,phyteuō,Verb,11,11
985,φωτίζω,,,"I give light, enlighten",cf. photo-,phōtizō,Verb,11,11
986,χείρων,-ον,,"worse, more severe",,cheirōn,Adjective,11,11
987,χίλιοι,"-αι, -α",,a thousand,"chiliasm, millenarianism",chilioi,Adjective,11,11
988,χιτών,-ῶνος,ὁ,a tunic,chiton,chitōn,Noun,11,11
989,χράομαι,,,I use,"catachresis, misuse of a word; in rhetoric, a mixed metaphor",chraomai,Verb,11,11
990,χρυσός,-οῦ,ὁ,gold,chrysanthemum,chrysos,Noun,11,11
991,ψευδοπροφήτης,-ου,ὁ,a false prophet,,pseudoprophētēs,Noun,11,11
992,ἁγιασμός,-οῦ,ὁ,sanctification,,hagiasmos,Noun,10,10
993,ᾅδης,-ου,ὁ,Hades,Hades,hadēs,Noun,10,10
994,ἀδύνατος,-ον,,"incapable, impossible",,adynatos,Adjective,10,10
995,ἀκαθαρσία,-ας,ἡ,uncleanness,,akatharsia,Noun,10,10
996,ἅμα,,,at the same time; (+ dat.) together with,,hama,,10,10
997,ἀνατολή,-ῆς,ἡ,"east, dawn",Anatolia,anatolē,Noun,10,10
998,ἀναφέρω,,,"I bring up, offer",,anapherō,Verb,10,10
999,ἄνομος,-ον,,"lawless, without law",,anomos,Adjective,10,10
1000,ἀπολογέομαι,,,I defend myself,cf. apology,apologeomai,Verb,10,10
1001,ἀπολύτρωσις,-εως,ἡ,redemption,,apolytrōsis,Noun,10,10
1002,ἀσέλγεια,-ας,ἡ,"licentiousness, debauchery, sensuality",,aselgeia,Noun,10,10
1003,ἀσπασμός,-οῦ,ὁ,a greeting,,aspasmos,Noun,10,10
1004,ἀφαιρέω,,,I take away,"aphaeresis, dropping of a letter or syllable from the beginning of a word, as ‘lone’ from ‘alone’",aphaireō,Verb,10,10
1005,ἀφορίζω,,,I separate,aphorism,aphorizō,Verb,10,10
1006,βίβλος,-ου,ἡ,a book,Bible,biblos,Noun,10,10
1007,βίος,-ου,ὁ,life,biology,bios,Noun,10,10
1008,δεσπότης,-ου,ὁ,"a master, lord",despot,despotēs,Noun,10,10
1009,διατρίβω,,,I continue,"diatribe, a prolonged and acrimonious harangue",diatribō,Verb,10,10
1010,δικαίωμα,-ατος,τό,"regulation, righteous deed",,dikaiōma,Noun,10,10
1011,διωγμός,-οῦ,ὁ,persecution,,diōgmos,Noun,10,10
1012,ἐγκαταλείπω,,,"I leave behind, forsake, abandon",,enkataleipō,Verb,10,10
1013,ἐκκόπτω,,,"I cut out, cut off",,ekkoptō,Verb,10,10
1014,ἐκπίπτω,,,I fall away,,ekpiptō,Verb,10,10
1015,ἐμφανίζω,,,I manifest,,emphanizō,Verb,10,10
1016,ἔνατος,"-η, -ον",,ninth,"Ennead, one division of the collection made by Porphyry of the teachings of Plotinus, arranged in six divisions of nine books each",enatos,Adjective,10,10
1017,ἔνοχος,-ον,,"involved in, liable, guilty",,enochos,Adjective,10,10
1018,ἐξομολογέομαι,,,"I confess, profess","in the ancient Church, exomologesis, the public confession of sin, usually accompanied by fasting, weeping, and mourning",exomologeomai,Verb,10,10
1019,ἐπειδή,,,"since, because",,epeidē,,10,10
1020,ἐπιδίδωμι,,,I give to,,epididōmi,Verb,10,10
1021,ἐπιτάσσω,,,I command,,epitassō,Verb,10,10
1022,ἐπιτελέω,,,"I complete, perform",,epiteleō,Verb,10,10
1023,θλίβω,,,"I press, oppress",,thlibō,Verb,10,10
1024,ἰσχύς,-ύος,ἡ,strength,,ischys,Noun,10,10
1025,κἀκεῖθεν,,,and from there; and then,καὶ + ἐκεῖθεν,kakeithen,,10,10
1026,κοινωνός,-οῦ,ὁ,"a partner, sharer","cf. cenobite, one dwelling in a convent community",koinōnos,Noun,10,10
1027,κοσμέω,,,I adorn,cosmetics,kosmeō,Verb,10,10
1028,μακράν,,,far away,,makran,,10,10
1029,μακροθυμέω,,,I am patient,,makrothymeō,Verb,10,10
1030,μέλει,,,it is a care,,melei,,10,10
1031,μνῆμα,-ατος,τό,"grave, tomb",,mnēma,Noun,10,10
1032,νομικός,"-ή, -όν",,"pertaining to the law; as a noun, one skilled in the Mosaic law, a lawyer",,nomikos,Adjective,10,10
1033,ξενίζω,,,"I entertain (a stranger); I startle, bewilder",,xenizō,Verb,10,10
1034,ὅδε,"ἥδε, τόδε",,this,here,hode,Demonstrative Pronoun,10,10
1035,οἰκονόμος,-ου,ὁ,a steward,economy,oikonomos,Noun,10,10
1036,ὀνομάζω,,,I name,"cf. onomasticon, a collection of proper names",onomazō,Verb,10,10
1037,ὄντως,,,really,cf. ontology,ontōs,,10,10
1038,ὅρκος,-ου,ὁ,an oath,,horkos,Noun,10,10
1039,παντοκράτωρ,-ορος,ὁ,"ruler of all, the Almighty",,pantokratōr,Noun,10,10
1040,πατάσσω,,,I smite,,patassō,Verb,10,10
1041,πενθέω,,,I mourn,,pentheō,Verb,10,10
1042,περιστερά,-ᾶς,ἡ,a dove,,peristera,Noun,10,10
1043,πλάνη,-ης,ἡ,"a wandering, error","cf. planet, which to the ancients was apparently a wandering celestial body",planē,Noun,10,10
1044,πλατεῖα,-ας,ἡ,a street,place,plateia,Noun,10,10
1045,πλεονεξία,-ας,ἡ,covetousness,,pleonexia,Noun,10,10
1046,ποικίλος,"-η, -ον",,"varied, manifold",,poikilos,Adjective,10,10
1047,πόρνος,-ου,ὁ,a fornicator,pornography,pornos,Noun,10,10
1048,προέρχομαι,,,"I go in front, precede",,proerchomai,Verb,10,10
1049,προσκαρτερέω,,,I continue in or with,,proskartereō,Verb,10,10
1050,πύλη,-ης,ἡ,"a gate, porch",pylon,pylē,Noun,10,10
1051,σέβομαι,,,"I reverence, worship",,sebomai,Verb,10,10
1052,σιγάω,,,"I am silent, become silent",,sigaō,Verb,10,10
1053,σιωπάω,,,I am silent,"aposiopesis, in rhetoric, a figure of speech in which the speaker breaks off suddenly",siōpaō,Verb,10,10
1054,στρατηγός,-οῦ,ὁ,a commander,,stratēgos,Noun,10,10
1055,συγγενής,-ές,,"kindred; as a noun, a relative, kinsman",,syngenēs,Adjective,10,10
1056,συζητέω,,,"I discuss, dispute",,syzēteō,Verb,10,10
1057,σύνδουλος,-ου,ὁ,a fellow slave,,syndoulos,Noun,10,10
1058,σφάζω,,,I slay,,sphazō,Verb,10,10
1059,τάσσω,,,"I arrange, appoint, order",cf. tactics,tassō,Verb,10,10
1060,ταχέως,,,quickly,cf. tachygraphy,tacheōs,Adverb,10,10
1061,τέταρτος,"-η, -ον",,fourth,"cf. tetrarch, a ruler over a fourth part",tetartos,Adjective,10,10
1062,ὑπόδημα,-ατος,τό,"a sandal, shoe",,hypodēma,Noun,10,10
1063,φείδομαι,,,I spare,,pheidomai,Verb,10,10
1064,χρηστότης,-ητος,ἡ,"goodness, kindness",,chrēstotēs,Noun,10,10
1065,χωρίον,-ου,τό,"a place, field","cf. chorography, describing, or description, of districts",chōrion,Noun,10,10
1066,ψεῦδος,-ους,τό,a lie,cf. pseudo-,pseudos,Noun,10,10
1067,ψεύστης,-ου,ὁ,a liar,cf. pseudo-,pseustēs,Noun,10,10